contb_receipt_dt,"Bush, Jeb","Carson, Benjamin S.","Christie, Christopher J.","Clinton, Hillary Rodham","Cruz, Rafael Edward 'Ted'","Fiorina, Carly","Gilmore, James S III","Graham, Lindsey O.","Huckabee, Mike","Jindal, Bobby","Johnson, Gary","Kasich, John R.","Lessig, Lawrence","O'Malley, Martin Joseph","Pataki, George E.","Paul, Rand","Perry, James R. (Rick)","Rubio, Marco","Sanders, Bernard","Santorum, Richard J.","Stein, Jill","Trump, Donald J.","Walker, Scott","Webb, James Henry Jr."
2015-05-02,0.0,1775.0,0.0,85450.0,25.0,0.0,0.0,0.0,0.0,0.0,0.0,0.0,0.0,0.0,0.0,1675.0,0.0,20.0,0.0,0.0,0.0,0.0,0.0,0.0
2015-05-03,0.0,594.0,0.0,101580.0,170.0,0.0,0.0,0.0,0.0,0.0,0.0,0.0,0.0,0.0,0.0,0.0,0.0,20.0,0.0,0.0,0.0,0.0,0.0,0.0
2015-05-04,0.0,15234.0,0.0,227167.12,400.0,15275.0,0.0,14100.0,0.0,0.0,0.0,0.0,0.0,0.0,0.0,0.0,0.0,4405.0,1250.0,0.0,0.0,0.0,0.0,0.0
2015-05-05,0.0,14230.0,0.0,324643.62,7220.0,775.0,0.0,0.0,4950.0,0.0,0.0,0.0,0.0,0.0,0.0,1097.75,0.0,805.0,0.0,0.0,0.0,0.0,0.0,0.0
2015-05-06,0.0,4875.0,0.0,170431.22999999998,575.0,6460.0,0.0,13200.0,250.0,0.0,0.0,0.0,0.0,0.0,0.0,1446.75,0.0,2125.0,1850.0,0.0,0.0,0.0,0.0,0.0
2015-05-07,0.0,11405.0,0.0,134276.0,1340.0,166.0,0.0,0.0,3250.0,0.0,0.0,0.0,0.0,0.0,0.0,0.0,0.0,792.0,1125.0,0.0,0.0,0.0,0.0,600.0
2015-05-08,0.0,4825.0,0.0,156647.0,5287.0,0.0,0.0,5188.0,3100.0,0.0,0.0,0.0,0.0,0.0,0.0,2620.0,0.0,27365.0,0.0,0.0,0.0,0.0,0.0,0.0
2015-05-09,0.0,860.0,0.0,19945.0,710.0,0.0,0.0,0.0,500.0,0.0,0.0,0.0,0.0,0.0,0.0,0.0,0.0,0.0,0.0,0.0,0.0,0.0,0.0,0.0
2015-05-10,0.0,860.0,0.0,18425.0,467.0,0.0,0.0,0.0,0.0,0.0,0.0,0.0,0.0,0.0,0.0,650.0,0.0,100.0,0.0,0.0,0.0,0.0,0.0,500.0
2015-05-11,0.0,7485.0,0.0,68500.0,2059.0,650.0,0.0,4700.0,2250.0,0.0,0.0,0.0,0.0,0.0,0.0,1610.0,0.0,2603.0,2075.0,0.0,0.0,0.0,0.0,0.0
2015-05-12,0.0,13742.0,0.0,86066.0,893.0,0.0,0.0,2800.0,0.0,0.0,0.0,0.0,0.0,0.0,0.0,4150.0,0.0,250.0,0.0,0.0,0.0,0.0,0.0,0.0
2015-05-13,0.0,7720.0,0.0,49090.78,1785.0,150.0,0.0,0.0,0.0,0.0,0.0,0.0,0.0,0.0,0.0,780.0,0.0,1390.0,900.0,0.0,0.0,0.0,0.0,0.0
2015-05-14,0.0,1810.0,0.0,40176.0,2020.0,775.0,0.0,250.0,3700.0,0.0,0.0,0.0,0.0,0.0,0.0,3644.6,0.0,1897.0,700.0,0.0,0.0,0.0,0.0,0.0
2015-05-15,0.0,1810.0,0.0,42041.0,12716.0,22700.0,0.0,2700.0,3650.0,0.0,0.0,0.0,0.0,10350.0,0.0,2635.0,0.0,0.0,4950.0,0.0,0.0,0.0,0.0,0.0
2015-05-16,0.0,2670.0,0.0,11518.16,702.0,0.0,0.0,0.0,1000.0,0.0,0.0,0.0,0.0,500.0,0.0,650.0,0.0,500.0,0.0,0.0,0.0,0.0,0.0,0.0
2015-05-17,0.0,0.0,0.0,14120.0,0.0,0.0,0.0,0.0,0.0,0.0,0.0,0.0,0.0,2700.0,0.0,345.16,0.0,125.0,0.0,0.0,0.0,0.0,0.0,200.0
2015-05-18,0.0,5280.0,0.0,17652.32,1175.0,4700.0,0.0,250.0,1000.0,500.0,0.0,0.0,0.0,2700.0,0.0,1980.75,0.0,1725.0,500.0,0.0,0.0,0.0,0.0,0.0
2015-05-19,0.0,4120.0,0.0,26110.0,1350.0,4700.0,0.0,0.0,0.0,0.0,0.0,0.0,0.0,5400.0,0.0,571.0699999999999,0.0,10281.0,0.0,0.0,0.0,0.0,0.0,0.0
2015-05-20,0.0,4950.0,0.0,19810.0,2370.0,25.0,0.0,0.0,0.0,0.0,0.0,0.0,0.0,2700.0,0.0,39332.61,0.0,660.0,2650.0,0.0,0.0,0.0,0.0,720.16
2015-05-21,0.0,655.0,0.0,14026.0,4660.0,335.0,0.0,0.0,5400.0,0.0,0.0,0.0,0.0,2700.0,0.0,1746.83,0.0,3150.0,0.0,0.0,0.0,0.0,0.0,0.0
2015-05-22,0.0,3535.0,0.0,18285.0,1640.0,3125.0,0.0,0.0,2000.0,0.0,0.0,0.0,0.0,2700.0,0.0,2690.16,0.0,0.0,0.0,0.0,0.0,0.0,0.0,500.0
2015-05-23,0.0,90.0,0.0,6480.16,1227.0,0.0,0.0,0.0,0.0,0.0,0.0,0.0,0.0,0.0,0.0,625.0,0.0,50.0,0.0,0.0,0.0,0.0,0.0,0.0
2015-05-24,0.0,25.0,0.0,7885.0,250.0,25.0,0.0,0.0,2500.0,0.0,0.0,0.0,0.0,5400.0,0.0,1525.91,0.0,5.0,0.0,0.0,0.0,0.0,0.0,1005.0
2015-05-25,0.0,455.0,0.0,3410.0,276.0,100.0,0.0,0.0,0.0,0.0,0.0,0.0,0.0,0.0,0.0,50.0,0.0,600.0,0.0,0.0,0.0,0.0,0.0,0.0
2015-05-26,0.0,3025.0,0.0,25949.850000000002,3265.0,14775.0,0.0,0.0,26350.0,0.0,0.0,0.0,0.0,2700.0,0.0,7050.0,0.0,2305.0,522.0,0.0,0.0,0.0,0.0,0.0
2015-05-27,0.0,17136.84,0.0,29254.52,160.0,1750.0,0.0,0.0,10700.0,0.0,0.0,0.0,0.0,0.0,0.0,4944.91,0.0,99420.0,453.0,250.0,0.0,0.0,0.0,0.0
2015-05-28,0.0,2885.0,0.0,16242.46,4610.0,775.0,0.0,50.0,1000.0,0.0,0.0,0.0,0.0,1500.0,1000.0,0.0,0.0,150.0,5240.0,500.0,0.0,0.0,0.0,0.0
2015-05-29,0.0,210.0,0.0,22240.0,657.0,325.0,0.0,0.0,16800.0,0.0,0.0,0.0,0.0,2700.0,0.0,5191.76,0.0,925.0,30.0,500.0,0.0,0.0,0.0,0.0
2015-05-30,0.0,2605.0,0.0,9276.669999999998,1050.0,0.0,0.0,0.0,1000.0,0.0,0.0,0.0,0.0,1500.0,0.0,4384.9400000000005,0.0,100.0,20.0,0.0,0.0,0.0,0.0,0.0
2015-05-31,0.0,165.0,0.0,52798.81,1580.0,135.0,0.0,0.0,0.0,0.0,0.0,0.0,0.0,0.0,0.0,2789.3599999999997,0.0,83640.0,1646.0,0.0,0.0,0.0,0.0,0.0
2015-06-01,0.0,4315.0,0.0,45069.42,2755.0,24900.0,0.0,10700.0,100.0,0.0,0.0,0.0,0.0,250.0,0.0,5277.56,0.0,2820.0,5515.0,2700.0,0.0,0.0,0.0,0.0
2015-06-02,0.0,30635.0,0.0,94140.06999999998,2205.0,3800.0,0.0,15550.0,0.0,0.0,0.0,0.0,0.0,2500.0,0.0,3475.9899999999993,0.0,300.0,1645.0,0.0,0.0,0.0,0.0,100.0
2015-06-03,0.0,868.5,0.0,83958.87,904.0,1850.0,0.0,500.0,5200.0,0.0,0.0,0.0,0.0,2700.0,0.0,3248.5199999999995,0.0,1055.0,4300.0,0.0,0.0,0.0,0.0,0.0
2015-06-04,0.0,4495.16,0.0,110324.0,5673.0,1775.0,0.0,0.0,250.0,0.0,0.0,0.0,0.0,0.0,0.0,6370.02,0.0,3557.0,0.0,0.0,0.0,0.0,0.0,0.0
2015-06-05,0.0,2660.0,0.0,60414.869999999995,1861.0,1750.0,0.0,1050.0,250.0,0.0,0.0,0.0,0.0,5400.0,0.0,2152.27,500.0,5380.0,1530.0,0.0,0.0,0.0,0.0,0.0
2015-06-06,0.0,825.0,0.0,37927.43,0.0,25.0,0.0,0.0,0.0,0.0,0.0,0.0,0.0,0.0,0.0,440.32,0.0,100.0,201.0,0.0,0.0,0.0,0.0,0.0
2015-06-07,0.0,290.0,0.0,39761.3,100.0,775.0,0.0,0.0,0.0,0.0,0.0,0.0,0.0,700.0,0.0,49.75,0.0,1000.0,225.0,0.0,0.0,0.0,0.0,100.0
2015-06-08,0.0,1425.0,0.0,84367.90999999999,425.0,500.0,0.0,0.0,0.0,0.0,0.0,0.0,0.0,1000.0,0.0,1165.0,475.0,249145.0,0.0,0.0,0.0,0.0,0.0,0.0
2015-06-09,0.0,3201.25,0.0,88585.75,5095.0,40550.0,0.0,0.0,0.0,0.0,0.0,0.0,0.0,0.0,0.0,435.0,0.0,877.0,6870.0,0.0,0.0,0.0,0.0,0.0
2015-06-10,0.0,2430.15,0.0,99258.32999999999,7755.0,34.0,0.0,31000.0,0.0,0.0,0.0,0.0,0.0,0.0,0.0,1556.76,6400.0,3185.0,10199.0,500.0,500.0,0.0,0.0,0.0
2015-06-11,0.0,1640.0,0.0,110385.91,2765.0,3925.0,0.0,100.0,2500.0,0.0,0.0,0.0,0.0,2700.0,0.0,829.6700000000001,0.0,2557.0,14305.0,0.0,0.0,0.0,0.0,0.0
2015-06-12,0.0,1520.0,0.0,75456.51,34409.0,3800.0,0.0,500.0,750.0,0.0,0.0,0.0,0.0,2700.0,0.0,490.32000000000005,0.0,0.0,2746.0,0.0,0.0,0.0,0.0,0.0
2015-06-13,0.0,170.0,0.0,46613.87,875.0,913.0,0.0,0.0,717.5,0.0,0.0,0.0,0.0,0.0,0.0,6777.4400000000005,0.0,0.0,545.0,0.0,0.0,0.0,0.0,0.0
2015-06-14,0.0,100.0,0.0,30454.07,185.0,3525.0,0.0,100.0,0.0,0.0,0.0,0.0,0.0,0.0,0.0,0.0,0.0,280.0,0.0,0.0,0.0,0.0,0.0,0.0
2015-06-15,17200.0,2260.0,0.0,125103.38,8416.0,12508.0,0.0,0.0,250.0,0.0,0.0,0.0,0.0,1000.0,0.0,270.16,2700.0,50005.0,6194.0,0.0,0.0,0.0,0.0,0.0
2015-06-16,9200.0,12229.0,0.0,155651.79,8244.0,56500.0,0.0,750.0,25.0,0.0,0.0,0.0,0.0,4700.0,0.0,185.48,0.0,887.0,7350.0,0.0,0.0,500.0,0.0,0.0
2015-06-17,8600.0,9035.0,0.0,180493.0,2230.0,273.0,0.0,0.0,0.0,0.0,0.0,0.0,0.0,1000.0,0.0,727.76,500.0,465.0,5963.0,0.0,0.0,500.0,0.0,0.0
2015-06-18,66300.0,11080.0,0.0,181821.0,2295.0,2125.0,0.0,0.0,10.0,0.0,0.0,0.0,0.0,1300.0,0.0,2155.64,10800.0,80595.0,10713.0,0.0,0.0,500.0,1250.0,0.0
2015-06-19,21600.0,5372.0,0.0,91923.0,3425.0,0.0,0.0,3700.0,1045.0,0.0,0.0,0.0,0.0,3500.0,0.0,1378.48,0.0,210694.0,6702.0,0.0,0.0,0.0,4250.0,0.0
2015-06-20,0.0,1025.0,0.0,21487.45,3050.0,325.0,0.0,0.0,2700.0,0.0,0.0,0.0,0.0,1000.0,0.0,1795.6500000000003,0.0,0.0,3398.0,0.0,0.0,0.0,0.0,0.0
2015-06-21,0.0,195.16,0.0,21190.66,60.0,0.0,0.0,0.0,25.0,0.0,0.0,0.0,0.0,0.0,0.0,577.57,0.0,1000.0,45.0,0.0,0.0,500.0,0.0,0.0
2015-06-22,10100.0,4480.0,0.0,40544.44,11986.0,26950.0,0.0,0.0,255.0,0.0,0.0,0.0,0.0,4700.0,0.0,2128.24,10800.0,6370.0,12161.0,0.0,0.0,0.0,10300.0,0.0
2015-06-23,17200.0,8596.0,0.0,56788.95000000001,4360.0,200.0,0.0,1000.0,2500.0,0.0,0.0,0.0,0.0,4250.0,0.0,22959.52,500.0,29415.0,1194.0,100.0,0.0,0.0,9500.0,0.0
2015-06-24,29500.0,1485.0,0.0,52216.98,83577.0,125.0,0.0,6050.0,100.0,1500.0,0.0,0.0,0.0,4200.0,0.0,4293.84,16200.0,5205.0,28499.0,250.0,500.0,0.0,250.0,0.0
2015-06-25,65150.0,1555.3200000000002,0.0,43423.11000000001,3150.0,6730.0,0.0,24600.0,250.0,1500.0,0.0,0.0,0.0,2700.0,0.0,6954.52,100000.0,16370.0,0.0,0.0,100.0,0.0,14550.0,0.0
2015-06-26,118100.0,1495.0,0.0,56607.63,11370.0,6613.0,0.0,8100.0,1015.6,1000.0,0.0,0.0,0.0,11800.0,0.0,1516.76,10800.0,1445.0,4766.0,250.0,0.0,0.0,27300.0,0.0
2015-06-27,500.0,3495.0,0.0,18256.4,5350.0,2175.0,0.0,15.0,2500.0,0.0,0.0,0.0,0.0,0.0,0.0,3734.96,0.0,3107.0,1368.8300000000002,0.0,0.0,2700.0,750.0,0.0
2015-06-28,10850.0,1285.0,0.0,27755.079999999998,2480.0,50.0,0.0,0.0,250.0,0.0,0.0,0.0,0.0,0.0,2700.0,7040.35,0.0,30.0,1472.2400000000002,0.0,0.0,250.0,500.0,0.0
2015-06-29,81650.0,12134.16,0.0,78572.87,10836.0,72100.0,0.0,13000.0,1500.0,1000.0,0.0,0.0,0.0,7900.0,0.0,10482.67,15500.0,36780.0,2879.5699999999997,2000.0,0.0,0.0,16700.0,0.0
2015-06-30,315005.0,13246.0,0.0,167675.94,100376.0,86559.0,0.0,53150.0,450.0,0.0,0.0,0.0,0.0,13550.0,0.0,24713.369999999995,43450.0,349864.77,0.0,2700.0,0.0,0.0,4475.0,0.0
2015-07-01,2500.0,3337.5,14800.0,43946.45,3540.0,100.0,0.0,0.0,0.0,0.0,0.0,0.0,0.0,0.0,0.0,2233.67,0.0,0.0,12186.800000000001,0.0,0.0,0.0,3950.0,0.0
2015-07-02,2700.0,4695.16,8200.0,23639.440000000002,578.0,500.0,0.0,0.0,0.0,0.0,0.0,0.0,0.0,0.0,0.0,3345.16,0.0,100.0,19225.71,0.0,0.0,750.0,250.0,550.0
2015-07-03,4500.0,1655.0,0.0,510.69,416.0,100.0,0.0,0.0,0.0,0.0,0.0,0.0,0.0,0.0,0.0,0.0,0.0,600.0,18652.93,0.0,0.0,100.0,0.0,6000.0
2015-07-04,0.0,145.16,0.0,0.0,50.0,0.0,0.0,0.0,0.0,2700.0,0.0,0.0,0.0,0.0,0.0,5738.75,0.0,20.0,4183.04,0.0,250.0,2950.0,0.0,25.0
2015-07-05,50.0,1495.0,0.0,300.0,1835.1599999999999,350.0,0.0,0.0,0.0,0.0,0.0,0.0,0.0,0.0,0.0,37.75,0.0,495.0,4841.289999999999,0.0,0.0,1250.0,0.0,500.0
2015-07-06,2725.0,640.0,2700.0,21408.88,635.0,0.0,0.0,0.0,0.0,0.0,0.0,0.0,0.0,5.0,0.0,670.0,0.0,0.0,10477.51,0.0,250.0,1100.0,65600.0,250.0
2015-07-07,3225.0,6365.0,11300.0,19663.190000000002,6294.0,0.0,0.0,550.0,0.0,0.0,0.0,0.0,0.0,20.0,0.0,1730.0,0.0,0.0,10513.099999999999,0.0,0.0,0.0,10800.0,1100.0
2015-07-08,5950.0,1245.0,0.0,34270.89,820.0,9100.0,0.0,20.0,2000.0,0.0,0.0,0.0,0.0,0.0,0.0,2008.08,0.0,100.0,14534.26,0.0,0.0,500.0,0.0,350.0
2015-07-09,64506.0,2163.31,0.0,50418.14,452.0,10300.0,0.0,150.0,0.0,0.0,0.0,0.0,0.0,0.0,0.0,5748.389999999999,0.0,1050.0,5597.57,0.0,0.0,0.0,1000.0,0.0
2015-07-10,20400.0,3690.16,0.0,45091.009999999995,6040.0,0.0,0.0,600.0,0.0,0.0,0.0,0.0,0.0,0.0,0.0,615.3199999999999,0.0,1014.0,12444.21,0.0,0.0,250.0,5400.0,0.0
2015-07-11,1000.0,260.0,0.0,44895.1,1740.0,640.0,0.0,0.0,0.0,0.0,0.0,0.0,0.0,0.0,0.0,241.41,0.0,125.0,9164.23,0.0,0.0,5200.0,0.0,0.0
2015-07-12,2250.0,100.0,500.0,24601.93,509.0,875.0,0.0,0.0,250.0,0.0,0.0,0.0,0.0,5.0,0.0,205.48,0.0,100.0,6242.83,0.0,0.0,0.0,2700.0,0.0
2015-07-13,40100.0,10380.5,0.0,56569.25,4873.0,100.0,0.0,400.0,0.0,0.0,0.0,5400.0,0.0,35.0,0.0,2052.83,0.0,9077.0,17778.89,0.0,100.0,500.0,22450.0,100.0
2015-07-14,104400.0,13429.0,2700.0,57586.82,4555.0,120.0,0.0,1300.0,0.0,0.0,0.0,0.0,0.0,1250.0,0.0,6720.16,0.0,3410.0,12534.15,300.0,0.0,2700.0,8350.0,0.0
2015-07-15,46000.0,6808.16,0.0,90241.0,797.0,200.0,0.0,0.0,0.0,0.0,0.0,0.0,0.0,105.0,0.0,5.0,0.0,125.0,15311.249999999998,0.0,222.0,250.0,22450.0,1000.0
2015-07-16,27550.0,10144.15,2700.0,76394.32,1355.0,434.0,0.0,0.0,5400.0,0.0,0.0,0.0,0.0,0.0,0.0,990.3199999999999,0.0,1859.0,11365.42,0.0,500.0,500.0,20645.0,300.0
2015-07-17,16700.0,20445.0,0.0,73578.93,2635.0,3822.0,0.0,0.0,0.0,0.0,0.0,0.0,0.0,290.0,0.0,407.16999999999996,0.0,1735.0,6553.59,0.0,200.0,250.0,4500.0,0.0
2015-07-18,200.0,747.76,0.0,26882.57,709.1600000000001,150.0,0.0,0.0,0.0,500.0,0.0,0.0,0.0,0.0,0.0,62.91,0.0,117.0,3998.64,0.0,0.0,500.0,1000.0,500.0
2015-07-19,2700.0,5450.0,0.0,24238.440000000002,220.0,88.0,0.0,0.0,0.0,0.0,0.0,0.0,0.0,0.0,0.0,375.75,0.0,25.0,0.0,0.0,250.0,600.0,3550.0,0.0
2015-07-20,25700.0,13948.0,0.0,64876.0,4018.16,10063.0,0.0,0.0,0.0,0.0,0.0,0.0,0.0,0.0,0.0,1190.32,5400.0,815.0,4686.57,0.0,0.0,300.0,2050.0,500.0
2015-07-21,154130.0,15780.41,0.0,82129.82,2193.0,20.0,0.0,350.0,0.0,0.0,0.0,0.0,0.0,1000.0,0.0,1040.32,0.0,60.0,7829.62,0.0,0.0,0.0,8250.0,0.0
2015-07-22,27.0,4953.0,250.0,67611.3,1367.5,1050.0,0.0,200.0,0.0,0.0,0.0,0.0,0.0,2875.0,0.0,377.92,0.0,0.0,4568.49,0.0,0.0,0.0,22182.4,0.0
2015-07-23,58610.0,2700.0,0.0,80470.28,2940.16,20286.0,0.0,0.0,50.0,0.0,0.0,750.0,0.0,100.0,0.0,560.32,0.0,9060.0,6594.89,0.0,0.0,450.0,12420.0,0.0
2015-07-24,4500.0,1535.0,2700.0,66187.93,14563.0,3354.0,0.0,0.0,250.0,0.0,0.0,1111.0,0.0,0.0,0.0,488.72000000000014,0.0,2810.0,3314.0,0.0,0.0,300.0,5900.0,0.0
2015-07-25,100.0,627.16,0.0,31537.54,7325.0,200.0,0.0,0.0,0.0,0.0,0.0,0.0,0.0,15.0,0.0,165.64,0.0,30.0,6088.48,0.0,0.0,1000.0,0.0,0.0
2015-07-26,3200.0,145.16,0.0,25216.95,3937.0,500.0,0.0,0.0,0.0,0.0,0.0,0.0,0.0,100.0,0.0,316.92,0.0,55.0,3189.4700000000003,0.0,0.0,250.0,300.0,0.0
2015-07-27,41985.0,12080.0,0.0,126436.64,5065.5,1100.0,0.0,0.0,250.0,0.0,0.0,1000.0,0.0,500.0,0.0,2131.75,0.0,2020.0,16210.510000000002,0.0,0.0,750.0,25950.0,0.0
2015-07-28,78995.0,18035.92,2700.0,117322.58,10595.0,800.0,0.0,0.0,0.0,0.0,0.0,500.0,0.0,0.0,0.0,697.99,0.0,16899.0,11439.32,0.0,0.0,250.0,12200.0,0.0
2015-07-29,29295.0,2390.0,0.0,127068.0,4409.5,2314.0,0.0,75.0,50.0,1000.0,0.0,0.0,0.0,0.0,0.0,345.32,325.0,50.0,7469.710000000001,0.0,0.0,500.0,14000.0,3200.0
2015-07-30,12350.0,4123.199999999999,0.0,111971.0,4097.0,5550.0,0.0,0.0,0.0,0.0,0.0,5400.0,0.0,3200.0,0.0,1010.48,0.0,0.0,26560.49,0.0,0.0,0.0,22025.0,25.0
2015-07-31,16670.0,1219.8399999999983,0.0,140246.28999999998,2460.0,6643.0,0.0,0.0,2500.0,0.0,0.0,3450.0,0.0,2720.0,0.0,2153.24,0.0,275.0,10388.760000000002,0.0,0.0,8300.0,10650.0,0.0
2015-08-01,0.0,1836.48,0.0,52852.200000000004,1390.0,125.0,0.0,0.0,0.0,0.0,0.0,0.0,0.0,0.0,0.0,1303.24,0.0,0.0,11876.27,0.0,0.0,2500.0,1285.0,0.0
2015-08-02,450.0,447.15999999999997,5500.0,40144.159999999996,281.0,250.0,0.0,0.0,0.0,0.0,0.0,0.0,0.0,0.0,0.0,6419.6,0.0,0.0,6975.019999999999,0.0,0.0,1000.0,0.0,5500.0
2015-08-03,28200.0,3030.0,0.0,168469.53,17839.0,475.0,2700.0,0.0,0.0,0.0,0.0,9350.0,0.0,0.0,0.0,1668.67,0.0,258.0,7384.799999999999,500.0,250.0,0.0,4750.0,0.0
2015-08-04,20675.0,9654.48,2700.0,154653.07,10779.0,100.0,0.0,2750.0,0.0,250.0,0.0,9350.0,0.0,250.0,0.0,802.9100000000001,0.0,3125.0,10071.07,0.0,100.0,6700.0,25750.0,0.0
2015-08-05,26873.4,5053.0,0.0,118358.54,4595.32,15.0,0.0,350.0,0.0,0.0,0.0,0.0,0.0,0.0,0.0,2004.6799999999998,0.0,375.0,7672.0,100.0,0.0,3800.0,5350.0,0.0
2015-08-06,12675.0,28265.0,0.0,72664.90000000001,4463.0,10407.0,0.0,0.0,0.0,0.0,0.0,0.0,0.0,1005.0,0.0,1125.32,0.0,700.0,11453.65,0.0,100.0,1750.0,2335.0,0.0
2015-08-07,17295.0,7529.32,0.0,44799.68,20472.5,70559.25,0.0,0.0,250.0,0.0,0.0,6250.0,0.0,235.0,0.0,6066.23,0.0,16921.6,13014.470000000001,0.0,500.0,5400.0,5070.0,100.0
2015-08-08,5415.0,861.6399999999999,0.0,5101.389999999999,3925.0,22200.0,0.0,0.0,0.0,0.0,0.0,2700.0,0.0,0.0,0.0,240.32,0.0,1375.0,6036.209999999999,0.0,0.0,3384.14,100.0,0.0
2015-08-09,75.0,850.0,0.0,9495.16,1355.0,11684.0,0.0,0.0,0.0,0.0,0.0,0.0,0.0,0.0,0.0,675.1600000000001,0.0,1150.0,4851.0,0.0,0.0,3496.41,0.0,0.0
2015-08-10,55350.0,10605.32,100.0,24208.95,12071.0,9375.0,0.0,0.0,500.0,0.0,0.0,500.0,0.0,0.0,0.0,1027.7999999999997,0.0,1880.0,9168.119999999999,0.0,0.0,1750.0,2739.0,0.0
2015-08-11,2135.0,12624.0,0.0,23530.079999999998,13740.0,4591.0,0.0,0.0,6.0,0.0,0.0,4000.0,9510.0,110.0,100.0,912.3199999999999,0.0,7632.0,26159.049999999996,5400.0,0.0,1179.3600000000001,6750.0,0.0
2015-08-12,32670.0,15041.0,0.0,12435.009999999998,11527.0,13021.0,2700.0,0.0,50.0,0.0,0.0,1000.0,7400.0,160.0,0.0,71.72999999999999,250.0,100.0,25779.64,0.0,200.0,250.0,475.0,0.0
2015-08-13,11810.0,12095.0,2700.0,23489.25,2526.0,3150.0,0.0,0.0,0.0,0.0,0.0,11250.0,8960.0,5425.0,0.0,70.16,0.0,311.0,17233.949999999997,0.0,100.0,2805.93,1000.0,0.0
2015-08-14,22815.0,6591.0,0.0,26107.09,1264.0,5140.0,0.0,0.0,0.0,0.0,0.0,9100.0,1525.0,1000.0,0.0,896.76,0.0,727.0,14774.96,0.0,0.0,1100.0,12103.0,0.0
2015-08-15,100.0,3605.0,0.0,14019.939999999999,1595.0,1253.0,0.0,50.0,0.0,0.0,0.0,0.0,6400.0,0.0,0.0,520.16,0.0,1140.0,15306.85,0.0,0.0,930.22,0.0,0.0
2015-08-16,50.0,8569.15,0.0,9958.85,875.0,3068.0,0.0,0.0,0.0,0.0,0.0,0.0,5750.0,0.0,0.0,503.2,0.0,747.0,4305.79,0.0,0.0,700.0,25.0,0.0
2015-08-17,77600.0,11445.0,0.0,18202.05,3910.0,13200.0,0.0,0.0,250.0,0.0,0.0,6150.0,9005.0,125.0,250.0,170.16,0.0,4750.0,16325.179999999998,0.0,0.0,3808.27,5902.0,0.0
2015-08-18,122783.0,3120.16,0.0,17145.52,6113.0,5338.0,0.0,0.0,100.0,0.0,0.0,250.0,7400.0,805.0,0.0,423.75,0.0,0.0,4153.59,0.0,0.0,2700.0,1638.0,0.0
2015-08-19,9421.0,1650.0,0.0,23931.25,6628.0,2626.0,0.0,0.0,0.0,0.0,0.0,6400.0,1764.0,7995.0,0.0,0.0,0.0,102940.0,12248.48,0.0,0.0,716.45,250.0,2700.0
2015-08-20,36077.0,2605.16,0.0,18418.41,4224.0,9825.0,0.0,0.0,250.0,0.0,0.0,5400.0,2001.0,1500.0,0.0,540.3199999999999,0.0,25.0,10051.59,0.0,0.0,750.0,50.0,0.0
2015-08-21,12159.0,8005.0,0.0,27480.6,3092.0,1603.0,0.0,0.0,275.0,500.0,0.0,500.0,11300.0,30.0,0.0,395.16,0.0,1335.0,17889.769999999997,0.0,0.0,1244.29,0.0,250.0
2015-08-22,70.0,8365.0,0.0,5913.609999999999,2850.0,850.0,0.0,25.0,0.0,0.0,0.0,4500.0,3800.0,100.0,0.0,0.0,0.0,534.0,7545.62,0.0,0.0,1712.1699999999996,50.0,0.0
2015-08-23,2700.0,7525.0,0.0,9726.45,3060.0,400.0,0.0,500.0,0.0,0.0,0.0,0.0,15361.0,0.0,0.0,346.76,0.0,0.0,4064.45,0.0,0.0,2000.0,1900.0,0.0
2015-08-24,6175.0,5130.16,0.0,21182.989999999998,18489.0,9321.0,0.0,0.0,500.0,0.0,0.0,5700.0,3651.0,500.0,0.0,665.3199999999999,0.0,4190.0,5923.82,0.0,0.0,0.0,75.0,0.0
2015-08-25,5175.0,9493.32,0.0,26449.58,2441.0,3263.0,0.0,125.0,10.0,0.0,0.0,3700.0,1145.15,2700.0,0.0,805.0,0.0,5215.0,10880.080000000007,0.0,0.0,0.0,8150.0,0.0
2015-08-26,8615.0,4295.0,5400.0,39434.7,5415.16,2200.0,0.0,0.0,0.0,0.0,0.0,250.0,1855.0,0.0,0.0,360.0,0.0,725.0,18623.759999999995,0.0,0.0,1970.72,475.0,0.0
2015-08-27,31000.0,3740.0,0.0,24422.489999999998,4269.0,5450.0,0.0,0.0,0.0,0.0,0.0,750.0,556.9,35.0,0.0,851.3199999999999,0.0,1070.0,11276.149999999998,0.0,0.0,384.03999999999996,100.0,0.0
2015-08-28,22800.0,2967.0,0.0,38232.72,5394.0,5485.0,0.0,250.0,0.0,0.0,0.0,5636.0,0.0,2725.0,0.0,1475.0,0.0,605.0,15799.269999999999,0.0,0.0,100.0,12000.5,0.0
2015-08-29,1000.0,18995.0,0.0,31363.56,1570.0,425.0,0.0,0.0,0.0,0.0,0.0,500.0,13150.0,0.0,0.0,1630.8,0.0,0.0,15889.370000000003,53.8,0.0,427.68,250.0,0.0
2015-08-30,0.0,2570.0,0.0,23295.04,650.0,25.0,0.0,0.0,43.0,0.0,0.0,0.0,7005.0,0.0,0.0,695.6400000000001,0.0,342.0,16685.010000000002,0.0,0.0,500.0,0.0,0.0
2015-08-31,90130.0,18000.25,0.0,49061.6,12674.0,6615.0,0.0,2700.0,0.0,500.0,0.0,4750.0,1755.0,4900.0,0.0,2197.24,0.0,805.0,33992.42,0.0,0.0,0.0,345.0,0.0
2015-09-01,3200.0,7783.16,5700.0,35784.600000000006,14547.0,6693.0,0.0,0.0,100.0,0.0,0.0,27200.0,1000.0,70.0,0.0,600.0,0.0,25750.0,12239.289999999999,25.0,0.0,133.4,11350.0,0.0
2015-09-02,24300.0,42299.32,0.0,46989.0,547.0,1109.0,0.0,150.0,98.0,2700.0,0.0,13300.0,8811.83,0.0,0.0,0.0,0.0,1435.0,12111.5,0.0,0.0,81.67,675.0,200.0
2015-09-03,15254.0,37860.0,2800.0,82759.8,3736.0,6125.0,0.0,0.0,150.0,0.0,0.0,0.0,6889.9,5400.0,0.0,601.6,0.0,1551.0,17475.07,0.0,0.0,375.82,1000.0,3200.0
2015-09-04,250.0,17856.16,0.0,51335.95,14386.0,3610.0,0.0,0.0,0.0,0.0,0.0,15600.0,10400.0,5400.0,0.0,100.0,0.0,1110.0,12635.05,0.0,0.0,2946.19,556.0,1350.0
2015-09-05,1010.0,3701.0,0.0,21589.91,4405.32,225.0,0.0,0.0,0.0,0.0,0.0,1000.0,12632.74,35.0,0.0,10.0,0.0,470.0,11826.460000000001,0.0,0.0,0.0,75.0,250.0
2015-09-06,10.0,620.0,0.0,8394.02,352.0,2687.0,0.0,0.0,0.0,0.0,0.0,0.0,5492.0,0.0,0.0,70.16,0.0,0.0,10039.19,0.0,0.0,0.0,0.0,250.0
2015-09-07,0.0,3280.0,0.0,46298.7,272.0,2962.0,0.0,0.0,0.0,0.0,0.0,0.0,300.0,0.0,0.0,395.15999999999997,0.0,105.0,14914.8,0.0,0.0,0.0,150.0,100.0
2015-09-08,3700.0,27634.0,250.0,98775.40999999999,5620.0,5036.0,0.0,500.0,25.0,0.0,0.0,81.0,1025.0,8100.0,0.0,10.0,0.0,400.0,21294.9,0.0,0.0,750.0,709.0,0.0
2015-09-09,2245.0,33216.16,2000.0,58857.94,2945.0,3460.0,0.0,0.0,25.0,0.0,0.0,22950.0,1507.0,0.0,0.0,155.16,0.0,180.0,8363.849999999999,0.0,0.0,1250.0,0.0,0.0
2015-09-10,7025.0,3645.16,0.0,66556.19,7220.0,1100.0,0.0,0.0,500.0,0.0,0.0,16800.0,1038.0,10.0,0.0,2167.66,0.0,2265.0,1451.16,0.0,10.0,750.0,50.0,0.0
2015-09-11,4700.0,7687.27,0.0,101587.32999999999,1927.79,525.0,0.0,0.0,0.0,0.0,0.0,12400.0,291.0,0.0,0.0,702.0,0.0,14603.0,5077.35,0.0,0.0,0.0,110.0,0.0
2015-09-12,10.0,14377.16,0.0,23806.53,250.0,150.0,0.0,0.0,106.5,500.0,0.0,0.0,31.98,0.0,0.0,3090.3199999999997,0.0,0.0,10798.98,0.0,0.0,399.73,0.0,0.0
2015-09-13,3810.0,2310.0,200.0,11425.23,305.0,100.0,0.0,0.0,0.0,0.0,0.0,0.0,111.94,0.0,0.0,365.32,0.0,0.0,13620.720000000001,0.0,100.0,3237.2,1000.0,0.0
2015-09-14,23075.0,119473.32,2700.0,100124.23999999999,3180.0,64250.0,0.0,0.0,500.0,0.0,0.0,16500.0,0.0,750.0,0.0,1045.33,0.0,3155.0,24060.19,500.0,0.0,2950.0,1150.0,0.0
2015-09-15,35930.0,30992.96,0.0,74645.23,20811.0,2443.0,0.0,0.0,304.0,0.0,0.0,9100.0,402.0,500.0,500.0,3076.6,0.0,725.0,38620.45,0.0,0.0,557.77,6000.0,0.0
2015-09-16,6700.0,24699.32,2700.0,94146.00000000001,10576.0,4402.0,0.0,0.0,125.0,0.0,0.0,17000.0,0.0,500.0,0.0,705.75,0.0,1812.0,16053.98,0.0,0.0,2442.12,20.0,500.0
2015-09-17,8750.0,8192.32,3200.0,79408.44,17261.0,28552.16,0.0,50.0,1125.0,0.0,0.0,27021.37,0.0,5400.0,0.0,4316.86,0.0,6205.0,24275.26,0.0,0.0,595.6700000000001,0.0,0.0
2015-09-18,1155.0,12045.16,0.0,74497.47,37480.0,18636.5,0.0,300.0,100.0,2700.0,0.0,4300.0,298.98,0.0,2700.0,2030.8000000000004,0.0,4184.25,17531.65,0.0,0.0,0.0,1165.0,200.0
2015-09-19,50.0,1847.1599999999999,0.0,45331.05,3306.0,2930.0,0.0,0.0,500.0,100.0,0.0,3000.0,275.0,0.0,0.0,100.0,0.0,1838.0,25442.199999999997,0.0,0.0,3275.95,1125.0,0.0
2015-09-20,365.0,1469.32,0.0,105684.87,546.0,5790.0,0.0,0.0,233.0,0.0,0.0,0.0,117.15,0.0,0.0,1081.0,0.0,650.0,9676.46,0.0,0.0,0.0,0.0,0.0
2015-09-21,5250.0,11729.32,0.0,127280.09,22553.5,6966.0,0.0,0.0,6216.0,0.0,0.0,2200.0,2700.0,1000.0,225.0,3183.84,0.0,4822.0,16345.97,0.0,0.0,2700.0,235.0,0.0
2015-09-22,18990.0,19005.16,0.0,130561.38,11115.0,14547.0,2700.0,5400.0,213.0,0.0,0.0,22161.0,2700.0,825.0,0.0,1125.32,0.0,3084.0,13734.039999999999,0.0,0.0,123.69,250.0,0.0
2015-09-23,29550.0,24265.48,5400.0,121177.56,11301.0,76394.0,0.0,0.0,216.0,0.0,0.0,5050.0,976.0,250.0,0.0,2850.12,0.0,4630.0,29628.369999999988,0.0,0.0,160.07,0.0,100.0
2015-09-24,250.0,11110.16,0.0,125842.0,47398.0,9896.0,0.0,1000.0,0.0,0.0,0.0,8350.0,3402.94,25.0,0.0,2546.92,0.0,1277.0,24438.539999999994,0.0,0.0,17691.02,3700.0,0.0
2015-09-25,2825.0,7904.0,5900.0,142770.09000000003,8180.0,7685.0,0.0,0.0,0.0,0.0,0.0,1000.0,451.0,500.0,0.0,1050.6399999999999,0.0,105170.0,19014.94,0.0,0.0,0.0,300.0,350.0
2015-09-26,950.0,4515.16,0.0,103707.26999999999,6152.0,6425.0,0.0,0.0,0.0,0.0,0.0,1500.0,0.0,0.0,0.0,818.08,0.0,2030.0,16429.780000000002,0.0,0.0,100.0,0.0,0.0
2015-09-27,3100.0,27381.32,4200.0,160246.55,1451.0,675.0,0.0,0.0,50.0,100.0,0.0,0.0,2700.0,0.0,5400.0,866.8199999999999,0.0,7027.0,17264.579999999998,0.0,0.0,57.93,0.0,0.0
2015-09-28,5650.0,30930.0,2700.0,95603.0,12463.0,0.0,0.0,100.0,2074.0,0.0,0.0,14150.0,3880.0,2325.0,750.0,24666.07,0.0,10937.0,31537.88999999999,25.0,20.0,250.0,303.0,750.0
2015-09-29,44960.0,39825.32000000001,1000.0,109827.35999999999,30548.0,7516.05,0.0,0.0,3100.0,50.0,0.0,10025.0,255.0,2775.16,0.0,2348.41,0.0,72967.0,38759.19000000002,0.0,0.0,25.0,0.0,50.0
2015-09-30,117295.0,19608.64,9550.0,148031.71,51828.0,131318.0,0.0,24800.0,360.0,0.0,0.0,6720.0,860.9900000000001,7230.0,0.0,36400.310000000005,0.0,337851.0,124815.50000000004,8400.0,0.0,0.0,0.0,0.0
2015-10-01,5525.0,7393.639999999999,0.0,45656.64000000001,7412.0,8248.0,0.0,0.0,7625.0,0.0,0.0,0.0,0.0,2970.0,0.0,3953.8399999999997,0.0,7339.0,36183.24000000001,0.0,0.0,0.0,100.0,0.0
2015-10-02,3700.0,2051.4799999999996,0.0,4613.0,1105.0,613.0,0.0,0.0,90.0,0.0,0.0,0.0,0.0,500.0,0.0,558.35,0.0,565.0,36359.62000000001,0.0,0.0,219.56,0.0,500.0
2015-10-03,55.0,2113.6400000000003,0.0,7973.7,811.0,300.0,0.0,0.0,0.0,0.0,0.0,0.0,0.0,0.0,0.0,20.16,0.0,1329.0,38318.45000000002,0.0,0.0,600.0,0.0,0.0
2015-10-04,373.0,1127.16,0.0,4619.46,1178.0,0.0,0.0,0.0,0.0,0.0,0.0,0.0,0.0,0.0,0.0,250.0,0.0,0.0,12945.510000000004,0.0,0.0,100.0,0.0,0.0
2015-10-05,9171.0,9169.32,0.0,4769.26,6093.32,250.0,0.0,0.0,3000.0,0.0,0.0,1250.0,0.0,0.0,0.0,215.16,0.0,3145.0,30698.59,0.0,0.0,533.17,100.0,0.0
2015-10-06,1530.0,14146.48,1000.0,12960.5,8123.05,6873.0,0.0,0.0,3000.0,0.0,0.0,3700.0,0.0,0.0,0.0,216.07,0.0,1766.0,20381.400000000005,0.0,0.0,284.56,150.0,700.0
2015-10-07,50.0,7097.32,0.0,29005.23,4790.0,1475.0,0.0,0.0,0.0,0.0,0.0,250.0,0.0,0.0,0.0,2795.16,0.0,650.0,42252.0,0.0,0.0,100.0,0.0,0.0
2015-10-08,1100.0,9887.35,0.0,24593.64,2243.0,4535.0,0.0,0.0,1000.0,0.0,0.0,3700.0,0.0,100.0,0.0,915.3199999999999,0.0,1618.0,39199.89,0.0,0.0,50.0,250.0,0.0
2015-10-09,2870.0,13115.0,0.0,41420.369999999995,9541.0,1883.0,0.0,0.0,8000.0,0.0,0.0,100.0,0.0,0.0,0.0,279.75,0.0,450.0,40543.16,0.0,0.0,250.0,0.0,0.0
2015-10-10,100.0,3999.16,0.0,41452.68,1818.0,1539.0,0.0,0.0,500.0,250.0,0.0,0.0,0.0,25.0,0.0,70.16,0.0,778.0,17778.29,0.0,210.0,250.0,0.0,0.0
2015-10-11,5500.0,1934.16,2800.0,28012.0,995.0,730.0,0.0,0.0,25.0,0.0,0.0,0.0,0.0,0.0,0.0,440.32000000000005,0.0,191.0,16145.920000000002,0.0,0.0,64.23,0.0,0.0
2015-10-12,3770.5,25892.16,0.0,51239.44,5172.0,4769.0,0.0,0.0,100.0,0.0,0.0,0.0,0.0,1050.0,5400.0,715.3199999999999,0.0,300.0,22177.33,0.0,0.0,0.0,0.0,0.0
2015-10-13,8265.0,4990.0,2725.0,131227.63999999998,3322.0,1870.0,0.0,0.0,0.0,0.0,0.0,1600.0,0.0,0.0,1000.0,485.48,0.0,4387.0,87017.30999999991,0.0,100.0,0.0,0.0,500.0
2015-10-14,29385.0,31616.16,100.0,150248.6,2619.0,2130.0,0.0,0.0,0.0,0.0,0.0,0.0,0.0,5500.0,0.0,375.83,0.0,1385.0,99092.37000000001,0.0,0.0,0.0,0.0,2250.0
2015-10-15,8460.0,9997.0,8100.0,141645.28,3747.0,2844.0,0.0,0.0,25.0,0.0,0.0,0.0,0.0,5500.0,0.0,1592.92,0.0,5590.0,37269.31999999999,0.0,250.0,252.11,0.0,350.0
2015-10-16,8950.0,20481.8,0.0,144805.47,2704.0,3136.0,0.0,0.0,500.0,0.0,0.0,500.0,0.0,0.0,0.0,1889.7600000000002,0.0,4049.0,24524.75,25.0,0.0,2603.95,0.0,0.0
2015-10-17,5871.0,5315.0,0.0,37720.16,676.0,724.0,0.0,0.0,160.0,0.0,0.0,0.0,0.0,2700.0,0.0,952.2299999999999,0.0,717.0,25696.18,0.0,0.0,3115.48,0.0,0.0
2015-10-18,925.0,2472.0,2700.0,43477.0,1246.0,847.0,0.0,0.0,50.0,0.0,0.0,0.0,0.0,0.0,0.0,956.51,0.0,490.0,16512.269999999997,0.0,0.0,2200.96,0.0,0.0
2015-10-19,41230.0,15991.0,2700.0,113108.85,9594.0,2136.0,0.0,0.0,95.0,0.0,0.0,75.0,0.0,2850.0,0.0,7255.32,0.0,2490.0,41637.61000000009,50.0,0.0,1288.13,0.0,0.0
2015-10-20,41701.0,12079.64,8100.0,121371.92,6334.0,54253.0,0.0,5400.0,25.0,0.0,0.0,625.0,0.0,25.0,0.0,8768.88,0.0,1385.0,13095.309999999998,0.0,0.0,1363.4299999999998,0.0,0.0
2015-10-21,18210.0,3869.3199999999997,8200.0,151413.91999999998,2735.0,743.0,0.0,0.0,303.0,0.0,0.0,3700.0,0.0,0.0,0.0,460.32,0.0,4207.0,16162.239999999996,0.0,0.0,1041.83,0.0,0.0
2015-10-22,200.0,16036.66,5425.0,188576.75,3440.0,3400.0,0.0,0.0,150.0,0.0,0.0,100.0,0.0,370.0,0.0,3480.0,0.0,41422.0,14872.660000000002,0.0,0.0,250.0,0.0,0.0
2015-10-23,8675.0,23303.66,0.0,176351.54,5558.0,1066.0,0.0,0.0,200.0,0.0,0.0,0.0,0.0,85.0,0.0,70.16,0.0,1402.0,19248.59,0.0,0.0,500.0,0.0,0.0
2015-10-24,3653.0,4955.0,0.0,91969.22,2051.0,678.0,0.0,0.0,66.0,100.0,0.0,0.0,0.0,75.0,0.0,62.91,0.0,425.0,8555.740000000002,0.0,0.0,114.76,0.0,0.0
2015-10-25,160.0,2600.0,250.0,78317.98000000001,445.0,75.0,0.0,0.0,0.0,0.0,0.0,0.0,0.0,510.0,0.0,25.75,0.0,425.0,7289.34,0.0,0.0,189.42,0.0,0.0
2015-10-26,34050.0,26885.16,50.0,129781.96,8092.5,3175.0,0.0,500.0,2175.0,0.0,0.0,250.0,0.0,0.0,0.0,225.48,0.0,5570.0,14271.260000000004,0.0,0.0,4308.16,0.0,0.0
2015-10-27,79950.0,26898.16,0.0,151752.09,12081.0,1736.0,0.0,0.0,1025.0,0.0,0.0,9100.0,0.0,0.0,0.0,268.07,0.0,6633.0,13198.56,25.0,0.0,496.16,0.0,0.0
2015-10-28,6076.0,16281.16,100.0,140656.90999999997,3977.0,4461.16,0.0,125.0,76.0,20.16,0.0,250.0,0.0,5.0,2700.0,1833.56,0.0,21807.0,18988.390000000003,100.0,10.0,902.29,0.0,0.0
2015-10-29,3165.0,18437.32,2250.0,106570.04,34892.0,2263.0,0.0,200.0,3225.0,0.0,0.0,0.0,0.0,25.0,0.0,1185.96,0.0,119742.05,24136.379999999976,0.0,0.0,1315.08,0.0,0.0
2015-10-30,6151.0,14436.15,5400.0,188154.55,18960.760000000002,2818.0,0.0,150.0,25.0,0.0,0.0,2800.0,0.0,75.0,0.0,795.91,0.0,9690.75,19800.84,250.0,0.0,0.0,0.0,0.0
2015-10-31,286.0,7918.16,5700.0,46197.729999999996,8421.0,100.0,0.0,1200.0,0.0,0.0,0.0,0.0,0.0,50.0,0.0,205.16,0.0,10221.75,18351.22000000001,0.0,0.0,237.72,0.0,0.0
2015-11-01,525.0,1725.0,0.0,53996.61,4175.0,194.0,0.0,100.0,20.0,0.0,0.0,0.0,0.0,0.0,0.0,145.48,0.0,3165.0,13867.09,250.0,0.0,100.0,0.0,0.0
2015-11-02,3051.0,43180.0,2800.0,162924.08000000002,5600.0,4855.3,0.0,0.0,100.0,0.0,0.0,8200.0,0.0,0.0,0.0,630.16,0.0,14262.0,17038.309999999998,550.0,0.0,532.0,475.0,2800.0
2015-11-03,4535.0,25504.0,0.0,194198.04,8700.0,2948.0,0.0,0.0,1.0,0.0,0.0,39750.0,0.0,1050.0,0.0,2750.32,0.0,7897.0,14154.09,50.0,0.0,985.6600000000001,100.0,25.0
2015-11-04,11875.0,15147.16,8100.0,135186.41,10871.0,2588.0,0.0,750.0,113.0,0.0,0.0,1000.0,0.0,2600.0,0.0,1890.8000000000002,0.0,10077.0,45438.909999999916,0.0,0.0,100.0,0.0,75.0
2015-11-05,75.0,15623.16,0.0,73819.64,9922.130000000001,19437.0,0.0,0.0,0.0,0.0,0.0,5925.0,0.0,500.0,0.0,4469.369999999999,0.0,4319.0,32773.20999999996,1100.0,285.0,258.02,200.0,0.0
2015-11-06,11300.0,19523.5,0.0,35714.89,12951.0,2006.0,0.0,0.0,75.0,0.0,0.0,1050.0,0.0,1490.0,0.0,7557.4,0.0,13380.0,21804.339999999993,0.0,535.0,942.87,650.0,100.0
2015-11-07,100.0,14808.48,0.0,8216.539999999999,7556.0,35.0,0.0,0.0,5900.0,0.0,0.0,1000.0,0.0,2700.0,0.0,1019.1499999999999,0.0,116.0,12678.999999999998,0.0,500.0,282.43,50.0,0.0
2015-11-08,1065.0,7265.0,0.0,11307.05,770.0,95.0,0.0,500.0,0.0,0.0,0.0,0.0,0.0,600.0,0.0,250.0,0.0,3100.0,8912.350000000002,0.0,0.0,221.17,0.0,0.0
2015-11-09,150.0,42496.32000000001,600.0,79568.81,24391.5,1875.0,0.0,1000.0,525.0,0.0,0.0,0.0,0.0,4100.0,0.0,1896.16,0.0,1560.3,13678.150000000003,230.0,0.0,153.6,1626.0,100.0
2015-11-10,808.0,47646.79,2725.0,24097.05,11215.0,2830.0,0.0,1000.0,259.0,261.1,0.0,3200.0,0.0,4325.0,0.0,2294.15,0.0,11734.0,4257.299999999999,0.0,10.0,2950.0,100.0,0.0
2015-11-11,2975.0,17281.16,2900.0,22995.770000000004,9324.0,2752.0,0.0,0.0,2100.0,0.0,0.0,0.0,0.0,0.0,0.0,6303.0599999999995,0.0,8017.0,15829.770000000004,45.67,0.0,160.0,0.0,0.0
2015-11-12,8200.0,21956.0,6750.0,21780.809999999998,11557.5,4191.0,0.0,0.0,2700.0,5400.0,0.0,8600.0,0.0,5425.0,5000.0,3673.39,0.0,27371.0,10351.65,0.0,80.0,0.0,500.0,0.0
2015-11-13,3630.0,11972.0,225.0,16459.11,11192.16,975.0,0.0,0.0,0.0,0.0,0.0,10.0,0.0,0.0,0.0,2051.92,0.0,10525.0,14332.55,0.0,100.0,0.0,0.0,0.0
2015-11-14,350.0,934.0,75.0,9547.380000000001,3173.0,1200.0,0.0,0.0,10.0,100.0,0.0,0.0,0.0,1145.0,0.0,175.75,0.0,3600.0,36984.09000000006,0.0,0.0,135.98000000000002,0.0,0.0
2015-11-15,100.0,1370.0,0.0,11622.34,2180.0,13.0,0.0,0.0,100.0,0.0,0.0,0.0,0.0,400.0,0.0,630.0,0.0,500.0,40446.800000000076,0.0,0.0,175.0,0.0,0.0
2015-11-16,5980.0,28589.12,0.0,33562.68,11726.0,2661.0,0.0,50.0,1350.0,0.0,0.0,450.0,0.0,0.0,0.0,929.1600000000001,0.0,3805.0,27685.199999999986,0.0,100.0,25.0,0.0,0.0
2015-11-17,6001.0,13978.16,0.0,32290.829999999998,11735.0,1374.0,0.0,0.0,1752.0,0.0,0.0,350.0,0.0,750.0,0.0,10731.92,0.0,11045.0,18992.48,0.0,0.0,60.52,0.0,0.0
2015-11-18,2827.0,12488.0,14150.0,39977.58,21114.0,2463.0,0.0,0.0,0.0,0.0,0.0,2700.0,0.0,500.0,0.0,2389.16,0.0,86699.0,22635.060000000005,0.0,0.0,82.87,0.0,0.0
2015-11-19,9352.0,2810.0,2750.0,42406.3,12774.0,2330.0,0.0,0.0,5875.0,0.0,0.0,3950.0,0.0,25.0,225.0,6155.48,0.0,3892.0,13404.789999999997,0.0,100.0,340.58,0.0,0.0
2015-11-20,1215.0,9438.699999999999,300.0,12584.71,8247.0,1350.0,0.0,85.0,100.0,0.0,0.0,8900.0,0.0,50.0,0.0,865.32,0.0,12467.0,17429.9,0.0,0.0,0.0,0.0,0.0
2015-11-21,115.0,1429.0,0.0,4785.0,3666.0,754.0,0.0,50.0,0.0,0.0,0.0,0.0,0.0,0.0,0.0,547.4,0.0,0.0,13247.5,5400.0,0.0,629.04,0.0,0.0
2015-11-22,301.0,6935.0,3000.0,24479.440000000002,1175.0,173.0,0.0,0.0,235.0,0.0,0.0,0.0,0.0,100.0,0.0,186.75,0.0,175.0,13219.699999999999,0.0,0.0,611.58,0.0,0.0
2015-11-23,3307.0,10848.0,2700.0,10697.6,7946.0,9450.0,0.0,0.0,55.0,0.0,0.0,2950.0,0.0,2700.0,0.0,195.16,0.0,185670.0,9647.770000000002,0.0,0.0,286.77,225.0,0.0
2015-11-24,9256.0,2498.0,2950.0,15108.64,27284.0,1725.0,0.0,50.0,90.0,0.0,0.0,3460.0,0.0,350.0,0.0,1400.16,0.0,11300.0,18794.220000000016,0.0,0.0,600.0,250.0,0.0
2015-11-25,1644.0,22429.0,16200.0,12968.19,1768.0,188.0,0.0,0.0,35.0,0.0,0.0,2710.0,0.0,2325.0,0.0,5560.0,0.0,17197.0,14451.980000000003,0.0,0.0,0.0,0.0,0.0
2015-11-26,5.0,370.0,0.0,1677.0,1086.0,13.0,0.0,0.0,0.0,0.0,0.0,0.0,0.0,0.0,0.0,55.0,0.0,38.0,8899.78,0.0,0.0,250.0,0.0,0.0
2015-11-27,76.0,5950.0,0.0,15020.06,886.0,0.0,0.0,0.0,0.0,0.0,0.0,20.0,0.0,0.0,0.0,502.38000000000005,0.0,753.0,11158.28,0.0,0.0,624.12,0.0,0.0
2015-11-28,650.0,11875.0,0.0,10542.01,2099.0,0.0,0.0,0.0,26.0,0.0,0.0,0.0,0.0,0.0,0.0,5681.32,0.0,657.0,18439.990000000005,0.0,10.0,356.61,0.0,0.0
2015-11-29,265.0,1495.0,3775.0,27875.239999999998,1925.0,125.0,0.0,0.0,0.0,0.0,0.0,0.0,0.0,0.0,0.0,130.16,0.0,1534.0,14532.460000000003,0.0,0.0,0.0,0.0,0.0
2015-11-30,35726.0,11437.96,3625.0,64967.07999999999,45294.1,1725.0,0.0,125.0,0.0,0.0,0.0,750.0,0.0,5.0,0.0,5325.16,0.0,25496.0,5457.48,0.0,0.0,1879.3600000000001,300.0,0.0
2015-12-01,3025.0,87295.0,4700.0,28777.56,30354.0,3363.0,0.0,0.0,35.0,0.0,0.0,0.0,0.0,100.0,0.0,597.0799999999999,0.0,5318.0,21085.29,0.0,0.0,507.46,0.0,0.0
2015-12-02,861.0,9125.16,13800.0,29267.54,11646.0,381.0,0.0,0.0,2700.0,0.0,0.0,550.0,0.0,300.0,0.0,445.0,0.0,44607.95,18055.730000000003,0.0,0.0,282.87,0.0,0.0
2015-12-03,3150.0,7670.0,6400.0,11435.04,16640.0,255.0,0.0,0.0,50.0,0.0,0.0,300.0,0.0,930.0,0.0,1077.92,0.0,103100.0,13920.710000000003,0.0,0.0,3210.0,0.0,0.0
2015-12-04,4125.0,13580.0,1600.0,25307.089999999997,11031.0,609.0,0.0,0.0,0.0,0.0,0.0,0.0,0.0,2200.0,0.0,316.76,0.0,15795.0,7801.599999999999,50.0,0.0,0.0,0.0,0.0
2015-12-05,605.0,7838.0,0.0,6307.73,14849.130000000001,125.0,0.0,0.0,0.0,0.0,0.0,0.0,0.0,0.0,0.0,185.32,0.0,1064.0,8462.12,20.16,0.0,434.38,0.0,0.0
2015-12-06,2725.0,1303.0,9500.0,14781.27,2001.3,743.0,0.0,0.0,0.0,0.0,0.0,0.0,0.0,250.0,0.0,57.91,0.0,3700.0,6580.570000000001,0.0,0.0,32.35,0.0,0.0
2015-12-07,12205.0,22065.16,17000.0,39519.96,37293.8,1463.0,0.0,25.0,50.0,0.0,0.0,1250.0,0.0,450.0,0.0,390.16,0.0,40327.0,25826.560000000023,0.0,0.0,1226.65,0.0,0.0
2015-12-08,3390.0,23331.16,200.0,38763.450000000004,76606.0,1085.0,0.0,0.0,6.0,0.0,0.0,0.0,0.0,750.0,0.0,605.16,0.0,151440.0,33847.72,0.0,0.0,575.0,0.0,0.0
2015-12-09,19960.0,10111.0,3300.0,44081.26,12657.5,16264.0,0.0,700.0,0.0,0.0,0.0,270.0,0.0,1950.0,0.0,2130.9,0.0,107720.0,22044.640000000018,0.0,0.0,1557.12,0.0,0.0
2015-12-10,12631.0,5354.0,13375.0,69246.31,24819.0,0.0,0.0,900.0,100.0,0.0,0.0,650.0,0.0,2950.0,1000.0,745.0,0.0,902.0,15849.02,390.0,10.0,1771.99,500.0,0.0
2015-12-11,6475.0,16197.0,0.0,144965.66,24793.0,2550.0,0.0,100.0,50.0,0.0,0.0,2700.0,0.0,4750.0,0.0,1154.24,0.0,125225.0,11882.78,0.0,0.0,1266.25,0.0,0.0
2015-12-12,25.0,4760.0,0.0,103977.77,11959.0,360.0,0.0,0.0,50.0,0.0,0.0,0.0,0.0,0.0,0.0,190.32,0.0,801.0,22796.930000000004,0.0,0.0,273.18,0.0,0.0
2015-12-13,135.0,1130.0,125.0,77821.69,9752.0,1125.0,0.0,0.0,50.0,0.0,0.0,0.0,0.0,51.0,0.0,590.3199999999999,0.0,5885.0,16056.49,0.0,100.0,250.0,0.0,0.0
2015-12-14,3310.0,18365.0,10800.0,155323.5,83678.0,9418.0,0.0,70.0,35.0,0.0,0.0,100.0,0.0,0.0,0.0,307.0,0.0,10666.0,45382.41,0.0,0.0,51.09,0.0,0.0
2015-12-15,3065.0,9754.16,13700.0,110888.46,70546.76000000001,413.0,0.0,0.0,1452.0,0.0,0.0,250.0,0.0,0.0,0.0,1200.8,0.0,174683.0,53550.42,0.0,0.0,204.55,25.0,0.0
2015-12-16,32363.5,23573.12,26925.0,172175.56999999998,22433.0,5650.0,0.0,2600.0,95.0,0.0,0.0,1060.0,0.0,0.0,1500.0,2393.75,0.0,10845.0,87353.66000000002,0.0,0.0,0.0,100.0,0.0
2015-12-17,11851.0,0.0,8600.0,97756.16,105419.5,1694.0,0.0,2700.0,300.0,0.0,0.0,200.0,0.0,0.0,0.0,2069.56,0.0,5065.0,24554.929999999997,0.0,150.0,4419.16,0.0,0.0
2015-12-18,15000.0,4140.530000000001,5400.0,121714.90000000001,24948.0,1148.0,0.0,0.0,1.0,0.0,0.0,250.0,0.0,1990.0,0.0,6478.08,0.0,3936.0,71462.98000000001,0.0,0.0,525.9,0.0,0.0
2015-12-19,392.0,1150.0,0.0,52317.61,4041.0,1430.0,0.0,0.0,300.0,0.0,0.0,0.0,0.0,300.0,0.0,185.0,0.0,1475.0,48171.55999999999,0.0,0.0,1359.1199999999997,0.0,0.0
2015-12-20,315.0,2715.0,5400.0,75522.06,3651.76,799.0,0.0,0.0,0.0,0.0,0.0,0.0,0.0,0.0,0.0,200.0,0.0,242.76,34950.52,0.0,0.0,2040.01,0.0,0.0
2015-12-21,42811.5,12920.0,600.0,85559.1,104094.0,3970.0,0.0,0.0,95.0,0.0,0.0,2525.0,0.0,50.0,0.0,9290.24,0.0,19098.0,32284.08,0.0,0.0,1778.52,1485.0,0.0
2015-12-22,11007.0,3048.0,9700.0,69416.47,44143.0,1881.0,0.0,0.0,300.0,0.0,0.0,81.0,0.0,200.0,0.0,145.16,0.0,8810.0,26149.14,50.0,0.0,158.26,0.0,0.0
2015-12-23,2902.0,7766.0,3700.0,55806.69,30216.0,8111.0,0.0,0.0,0.0,0.0,0.0,50.0,0.0,0.0,0.0,340.64000000000004,0.0,8605.0,40340.34,0.0,0.0,250.0,0.0,0.0
2015-12-24,36.0,510.0,0.0,21773.399999999998,3090.0,2250.0,0.0,0.0,0.0,0.0,0.0,231.0,0.0,25.0,0.0,691.16,0.0,4200.0,18332.56000000001,0.0,0.0,664.8,0.0,0.0
2015-12-25,339.0,495.0,0.0,11705.24,676.0,125.0,0.0,0.0,0.0,0.0,0.0,0.0,0.0,0.0,0.0,0.0,0.0,400.0,8521.66,0.0,25.0,0.0,0.0,0.0
2015-12-26,0.0,170.16,0.0,14751.119999999999,2938.0,25.0,0.0,0.0,0.0,0.0,0.0,0.0,0.0,0.0,0.0,210.48,0.0,50.0,11665.21,0.0,0.0,277.28999999999996,0.0,0.0
2015-12-27,101.0,170.0,0.0,47779.75,4866.0,125.0,0.0,0.0,0.0,0.0,0.0,0.0,0.0,250.0,0.0,475.0,0.0,0.0,10829.020000000006,0.0,0.0,545.23,0.0,500.0
2015-12-28,1500.0,15750.5,19300.0,126505.0,31769.0,1875.0,0.0,0.0,1041.0,0.0,0.0,500.0,0.0,150.0,0.0,3508.68,0.0,7243.5,90111.44,55.0,60.0,0.0,550.0,0.0
2015-12-29,31301.0,5716.32,500.0,131051.28,44234.0,2766.0,0.0,0.0,875.0,0.0,0.0,60.0,0.0,500.0,0.0,3771.6399999999994,0.0,35458.16,73625.28000000001,60.0,250.0,1520.59,213.0,0.0
2015-12-30,3901.0,5609.0,550.0,163182.76,22394.16,2363.0,0.0,0.0,0.0,0.0,0.0,650.0,0.0,1035.0,0.0,2486.9599999999996,0.0,6860.0,100266.22000000002,405.0,0.0,322.3,0.0,0.0
2015-12-31,11492.0,16398.84,2450.0,222682.5,162147.94,0.0,0.0,0.0,4066.0,0.0,0.0,13308.0,0.0,950.0,0.0,19908.150000000005,0.0,67843.0,181489.84,1240.0,250.0,3509.46,0.0,0.0
2016-01-01,200.0,1492.1599999999999,50.0,23172.96,5795.0,300.0,0.0,0.0,0.0,0.0,0.0,0.0,0.0,150.0,0.0,1170.16,0.0,814.0,22167.430000000004,25.0,0.0,135.66,0.0,0.0
2016-01-02,151.0,2425.0,0.0,76472.0,605.0,1100.0,0.0,0.0,35.0,0.0,0.0,0.0,0.0,0.0,0.0,470.0700000000001,0.0,450.0,12812.459999999997,0.0,0.0,317.29,0.0,0.0
2016-01-03,340.0,600.0,0.0,60814.0,708.0,0.0,0.0,0.0,0.0,0.0,0.0,0.0,0.0,0.0,0.0,192.76,0.0,120.0,15680.340000000006,0.0,0.0,331.53,0.0,0.0
2016-01-04,3050.0,0.0,0.0,205050.78000000003,9976.0,175.0,0.0,0.0,2725.0,0.0,0.0,0.0,0.0,0.0,0.0,655.83,0.0,522.76,11503.09,50.0,0.0,500.0,200.0,0.0
2016-01-05,3347.0,1544.0,0.0,165792.53,24249.29,875.0,0.0,0.0,600.0,0.0,0.0,8125.0,0.0,600.0,0.0,215.32,0.0,2810.0,33429.21000000001,0.0,100.0,500.0,525.0,0.0
2016-01-06,3162.0,6887.0,5200.0,214699.64000000004,5079.0,739.0,0.0,0.0,86.0,0.0,250.0,5500.0,0.0,0.0,0.0,230.16,0.0,7042.76,14115.490000000002,100.0,0.0,329.12,0.0,0.0
2016-01-07,5575.0,2400.0,2756.0,142439.55,7678.27,412.0,0.0,0.0,0.0,0.0,0.0,2500.0,0.0,25.0,0.0,567.07,0.0,10377.0,16470.04,40.32,0.0,633.2,225.0,0.0
2016-01-08,9750.0,2365.0,0.0,46326.229999999996,8488.16,350.0,0.0,0.0,175.0,0.0,0.0,2700.0,0.0,10.0,0.0,150.0,0.0,2629.0,21810.95,0.0,117.0,157.99,50.0,0.0
2016-01-09,480.0,3740.0,0.0,12782.54,20946.0,1044.0,0.0,0.0,0.0,0.0,0.0,11100.0,0.0,0.0,0.0,85.48,0.0,2185.0,11566.67,120.16,0.0,1049.31,0.0,0.0
2016-01-10,286.0,975.0,3050.0,14945.799999999997,8547.0,938.0,0.0,0.0,150.0,0.0,0.0,0.0,0.0,15.0,0.0,210.16,0.0,1010.0,58089.11000000001,0.0,110.0,0.0,0.0,0.0
2016-01-11,300.0,2829.0,25.0,79307.59999999996,17569.0,1802.0,0.0,0.0,20.0,0.0,0.0,7700.0,0.0,0.0,0.0,1220.48,0.0,3808.0,50077.41,0.0,0.0,316.71000000000004,0.0,0.0
2016-01-12,150.0,3092.0,100.0,44474.72,14883.0,1063.0,0.0,0.0,100.0,0.0,1000.0,24650.0,0.0,2700.0,0.0,2480.65,0.0,10156.0,83705.01000000001,0.0,0.0,2875.0,0.0,0.0
2016-01-13,260.0,9905.0,100.0,70258.06999999999,7245.0,1339.0,0.0,0.0,330.0,0.0,0.0,11500.0,0.0,0.0,0.0,3907.249999999999,0.0,9433.0,51173.049999999996,10.0,200.0,50.0,0.0,0.0
2016-01-14,945.0,7495.0,25.0,48922.32,27964.5,841.0,0.0,0.0,382.0,0.0,0.0,24430.0,0.0,75.0,0.0,2675.3500000000004,0.0,71546.52,75788.03000000001,0.0,150.0,0.0,0.0,0.0
2016-01-15,4180.0,4243.0,0.0,62805.61000000001,24659.0,915.0,0.0,0.0,6.0,0.0,250.0,11675.0,0.0,825.0,0.0,1664.86,0.0,40223.76,34958.90999999999,0.0,500.0,649.76,0.0,0.0
2016-01-16,525.0,12454.96,0.0,25477.739999999998,2206.0,2020.0,0.0,0.0,110.0,0.0,0.0,0.0,0.0,181.0,0.0,398.08,0.0,3270.0,53578.16,0.0,20.0,1112.45,0.0,0.0
2016-01-17,1050.0,400.0,4225.0,26976.529999999995,1390.0,516.0,0.0,0.0,0.0,0.0,0.0,0.0,0.0,565.0,0.0,260.07,0.0,435.0,73289.04999999999,0.0,0.0,176.27,0.0,0.0
2016-01-18,220.0,9957.5,2950.0,48233.810000000005,9622.16,1228.0,0.0,0.0,41.0,0.0,1000.0,0.0,0.0,185.0,0.0,210.32,0.0,85945.0,63040.26999999999,0.0,200.0,0.0,250.0,0.0
2016-01-19,1375.0,4403.0,0.0,57774.90999999998,21653.0,1151.0,0.0,0.0,25.0,0.0,2700.0,10480.0,0.0,1500.0,0.0,1295.0700000000002,0.0,2198.0,63043.54999999999,0.0,0.0,212.34,0.0,0.0
2016-01-20,1085.0,2270.0,5400.0,83771.82,19806.0,463.0,0.0,0.0,0.0,0.0,0.0,7350.0,0.0,1750.0,0.0,886.32,0.0,68240.0,52084.959999999955,50.0,335.0,0.0,0.0,0.0
2016-01-21,2805.0,4213.45,125.0,51164.030000000006,11941.0,1666.0,0.0,0.0,5125.0,0.0,0.0,7750.0,0.0,0.0,0.0,4180.32,0.0,11270.0,55252.46,75.0,510.0,1292.29,1000.0,0.0
2016-01-22,361.0,9240.95,0.0,49567.55000000001,23027.5,1010.0,0.0,0.0,625.0,0.0,0.0,2925.0,0.0,200.0,0.0,1995.4800000000002,0.0,20264.0,34699.20999999999,140.32999999999998,0.0,1326.4,0.0,0.0
2016-01-23,337.0,3765.0,0.0,33625.81,8142.0,150.0,0.0,0.0,50.0,0.0,0.0,0.0,0.0,50.0,0.0,665.48,0.0,1898.0,33627.01999999999,0.0,95.0,174.11,0.0,0.0
2016-01-24,161.0,1115.0,50.0,37894.850000000006,12654.0,538.0,0.0,0.0,0.0,0.0,0.0,0.0,0.0,0.0,0.0,349.29999999999995,0.0,2975.0,24970.110000000004,0.0,0.0,2700.0,0.0,0.0
2016-01-25,569.0,1944.1000000000001,2700.0,83101.40999999999,17487.0,364.0,0.0,0.0,75.0,0.0,0.0,8345.0,0.0,533.0,0.0,599.51,0.0,6355.0,101973.25000000004,0.0,25.0,100.0,0.0,0.0
2016-01-26,75.0,3123.65,100.0,78844.79000000002,29647.0,1951.0,0.0,0.0,50.0,0.0,0.0,8650.0,0.0,0.0,0.0,840.3199999999999,0.0,68605.0,100915.07,0.0,0.0,456.18,0.0,0.0
2016-01-27,6440.0,12106.0,0.0,58212.40000000001,25064.0,940.0,0.0,0.0,75.0,0.0,0.0,100.0,0.0,15.0,0.0,5680.48,0.0,12522.0,160058.94000000003,50.0,0.0,190.0,0.0,0.0
2016-01-28,782.0,20371.41,2935.0,104576.86000000002,31028.0,2371.0,0.0,0.0,277.0,0.0,0.0,7725.0,0.0,0.0,0.0,675.6400000000001,0.0,22583.0,94922.40000000001,0.0,85.0,1835.23,0.0,0.0
2016-01-29,1548.33,53679.84999999999,0.0,96344.40000000001,13392.0,3725.0,0.0,0.0,100.0,0.0,0.0,8300.0,0.0,1140.0,0.0,1585.6400000000003,0.0,130880.0,186529.4,44.44,0.0,33.25,0.0,0.0
2016-01-30,1150.0,3412.0,0.0,85338.48,20990.5,2617.0,0.0,0.0,50.0,0.0,0.0,11870.0,0.0,0.0,0.0,341.92,0.0,8015.0,109870.18,0.0,1480.0,0.0,0.0,0.0
2016-01-31,1095.0,8027.0,0.0,88321.71000000002,39070.0,1877.0,0.0,0.0,0.0,0.0,0.0,4625.0,0.0,10.0,0.0,1048.92,0.0,77276.0,46721.41,0.0,0.0,825.9300000000001,0.0,0.0
2016-02-01,890.0,4589.3,50.0,124024.76,22666.0,2028.0,0.0,0.0,144.0,0.0,0.0,0.0,0.0,135.0,0.0,1345.2900000000002,0.0,43625.0,66928.86000000002,125.0,0.0,1310.29,0.0,0.0
2016-02-02,331.0,4651.639999999999,1500.0,178911.88,65232.1,313.0,0.0,0.0,198.0,0.0,0.0,0.0,0.0,0.0,0.0,1298.52,0.0,70619.61000000002,260884.48000000016,0.0,0.0,4268.5,0.0,0.0
2016-02-03,740.0,11953.0,0.0,139587.16999999998,35126.16,535.0,0.0,0.0,0.0,0.0,500.0,1175.0,0.0,0.0,0.0,946.76,0.0,33074.8,55435.020000000004,0.0,270.0,916.0799999999999,0.0,0.0
2016-02-04,365.0,12132.0,500.0,165737.43,26200.0,1506.0,0.0,0.0,0.0,0.0,0.0,4550.0,0.0,0.0,0.0,0.0,0.0,43212.5,69941.20000000001,0.0,0.0,27.49,0.0,0.0
2016-02-05,6350.0,15741.66,2950.0,212678.93000000002,30386.79,4492.0,0.0,0.0,0.0,0.0,0.0,971.0,0.0,0.0,0.0,0.0,0.0,26473.64,78162.58999999998,0.0,0.0,800.0,0.0,0.0
2016-02-06,396.0,6607.16,25.0,67657.12999999998,23091.5,802.0,0.0,0.0,36.0,0.0,0.0,0.0,0.0,0.0,0.0,20.16,0.0,16535.16,34694.22000000001,0.0,0.0,300.0,0.0,0.0
2016-02-07,1100.0,2097.16,350.0,67164.91,3868.54,2302.0,0.0,0.0,0.0,0.0,500.0,0.0,0.0,25.0,0.0,65.0,0.0,5349.0,28597.1,0.0,0.0,3155.08,0.0,0.0
2016-02-08,2935.0,5990.16,1050.0,213029.18999999997,10594.0,2234.0,0.0,0.0,0.0,0.0,0.0,2150.0,0.0,0.0,0.0,0.0,0.0,15597.0,56095.70000000002,0.0,0.0,350.0,0.0,0.0
2016-02-09,400.0,4499.47,25.0,216299.65000000002,23514.0,1558.0,0.0,0.0,0.0,0.0,0.0,2125.0,0.0,0.0,0.0,40.0,0.0,6800.0,199979.71000000005,0.0,0.0,1280.8799999999999,0.0,0.0
2016-02-10,0.0,11451.16,100.0,186037.75999999998,15896.0,600.0,0.0,0.0,0.0,0.0,40.0,1011.8,0.0,0.0,0.0,0.0,0.0,17698.0,319243.11000000004,0.0,350.0,1897.61,0.0,0.0
2016-02-11,410.0,7114.0,25.0,212498.66999999998,17471.5,0.0,0.0,0.0,381.0,0.0,0.0,9596.0,0.0,0.0,0.0,0.0,0.0,5476.42,104185.75000000001,0.0,0.0,736.77,0.0,0.0
2016-02-12,115.0,8943.16,0.0,229858.20000000004,22647.0,0.0,0.0,0.0,0.0,0.0,0.0,22268.0,0.0,0.0,0.0,0.0,0.0,4094.0,107966.48999999999,0.0,0.0,1463.32,0.0,0.0
2016-02-13,1831.0,4899.0,0.0,119658.66999999998,8903.0,0.0,0.0,0.0,0.0,0.0,0.0,0.0,0.0,100.0,0.0,0.0,0.0,3639.0,51147.06000000001,0.0,0.0,214.32,50.0,0.0
2016-02-14,1120.0,7398.799999999999,0.0,55882.049999999996,9842.0,0.0,0.0,0.0,0.0,0.0,0.0,0.0,0.0,0.0,0.0,0.0,0.0,6225.0,54729.92999999999,0.0,0.0,645.9399999999999,125.0,0.0
2016-02-15,1690.0,7405.26,0.0,117099.38,9780.0,0.0,0.0,0.0,100.0,0.0,100.0,0.0,0.0,0.0,0.0,0.0,0.0,2492.5,36879.59999999999,0.0,100.0,453.09,100.0,0.0
2016-02-16,4275.0,22940.12,0.0,193177.09000000005,29337.0,0.0,0.0,0.0,0.0,0.0,0.0,64346.0,0.0,0.0,0.0,0.0,0.0,17606.5,75827.82,0.0,0.0,524.4100000000001,0.0,0.0
2016-02-17,695.0,12308.0,0.0,204870.83000000002,27501.49,0.0,0.0,0.0,0.0,0.0,0.0,13506.0,0.0,0.0,0.0,20.0,0.0,11697.0,86883.3,0.0,130.0,292.01,0.0,0.0
2016-02-18,770.0,6559.0,0.0,229289.07000000004,23050.15,0.0,0.0,0.0,75.0,0.0,0.0,4577.0,0.0,0.0,0.0,0.0,0.0,11537.0,84456.30999999995,0.0,0.0,923.22,0.0,0.0
2016-02-19,1852.0,6018.0,0.0,258007.21000000008,29894.08,0.0,0.0,0.0,0.0,0.0,0.0,15935.0,0.0,0.0,0.0,0.0,0.0,16241.0,54884.74999999997,0.0,0.0,790.1600000000001,0.0,0.0
2016-02-20,6615.0,6556.789999999999,0.0,156908.56,10405.0,0.0,0.0,0.0,0.0,0.0,0.0,0.0,0.0,0.0,0.0,0.0,0.0,25229.760000000002,138214.68999999994,0.0,0.0,1025.21,0.0,0.0
2016-02-21,30.0,843.0,0.0,126345.82,11371.0,0.0,0.0,0.0,0.0,0.0,100.0,0.0,0.0,0.0,0.0,0.0,0.0,26865.0,107633.26999999993,0.0,0.0,2885.42,0.0,0.0
2016-02-22,0.0,17635.66,0.0,210169.33,26602.77,0.0,0.0,0.0,0.0,0.0,0.0,18000.0,0.0,0.0,0.0,0.0,0.0,24343.0,93381.48999999999,0.0,0.0,2372.7699999999995,0.0,0.0
2016-02-23,0.0,14960.0,0.0,63636.36,25258.5,0.0,0.0,0.0,50.0,0.0,0.0,15729.0,0.0,0.0,0.0,0.0,0.0,25798.0,160817.86000000025,0.0,85.0,600.0,0.0,0.0
2016-02-24,0.0,34062.53,0.0,68044.48,27802.0,0.0,0.0,0.0,0.0,0.0,0.0,8153.0,0.0,0.0,0.0,0.0,0.0,24548.0,126179.44999999997,0.0,750.0,2189.5699999999997,0.0,0.0
2016-02-25,0.0,20070.92,0.0,55306.119999999995,40395.66,0.0,0.0,0.0,0.0,0.0,0.0,11936.0,0.0,0.0,0.0,0.0,0.0,32214.0,40148.049999999996,0.0,0.0,689.0,0.0,0.0
2016-02-26,0.0,16638.32,0.0,78455.15000000001,33036.0,0.0,0.0,0.0,20.0,0.0,1000.0,12180.0,0.0,0.0,0.0,0.0,0.0,40496.0,144538.99000000005,0.0,0.0,1653.45,0.0,0.0
2016-02-27,0.0,4411.62,0.0,93430.65999999999,17487.27,0.0,0.0,0.0,5.0,0.0,0.0,175.0,0.0,0.0,0.0,0.0,0.0,26727.16,123620.11,0.0,0.0,3495.39,0.0,0.0
2016-02-28,0.0,2348.0,0.0,55884.520000000004,15347.0,0.0,0.0,0.0,20.0,0.0,100.0,8586.0,0.0,0.0,0.0,0.0,0.0,16381.0,154099.98,0.0,0.0,765.7,0.0,0.0
2016-02-29,0.0,26294.76,0.0,120989.09999999999,67937.41,0.0,0.0,0.0,5.0,0.0,0.0,18432.0,0.0,5400.0,0.0,200.0,0.0,81715.0,454300.99000000063,0.0,250.0,3109.6,0.0,0.0
2016-03-01,0.0,5789.32,0.0,109007.15999999999,29881.34,0.0,0.0,0.0,0.0,0.0,500.0,0.0,0.0,0.0,0.0,0.0,0.0,14726.16,108893.74,25.0,0.0,4383.71,0.0,0.0
2016-03-02,0.0,11494.0,0.0,75742.01999999999,28080.0,0.0,0.0,0.0,5.0,0.0,0.0,1575.0,0.0,0.0,0.0,0.0,0.0,19652.0,122284.26,0.0,42.0,3004.88,0.0,0.0
2016-03-03,0.0,0.0,5400.0,53427.35,46814.16,0.0,0.0,0.0,0.0,0.0,0.0,3550.0,0.0,0.0,0.0,0.0,0.0,20879.0,43197.22,0.0,85.0,4953.98,0.0,0.0
2016-03-04,0.0,2330.0,0.0,62670.23,19783.0,0.0,0.0,0.0,10.0,0.0,0.0,6525.0,0.0,500.0,0.0,0.0,0.0,3450.0,89330.28,0.0,0.0,3126.4,0.0,0.0
2016-03-05,0.0,0.0,0.0,56522.97999999998,80609.87,0.0,0.0,0.0,10.0,0.0,0.0,0.0,0.0,0.0,0.0,0.0,0.0,6425.0,112018.66999999995,0.0,535.0,1087.5900000000001,0.0,0.0
2016-03-06,0.0,0.0,0.0,48166.41,25454.0,0.0,0.0,0.0,15.0,0.0,0.0,0.0,0.0,0.0,0.0,0.0,0.0,3810.0,148262.53999999998,0.0,0.0,1325.64,0.0,0.0
2016-03-07,0.0,250.0,0.0,109384.94000000002,20673.5,0.0,0.0,0.0,130.0,0.0,1000.0,10950.0,0.0,1000.0,0.0,0.0,0.0,14573.0,85981.04999999999,0.0,0.0,1541.01,0.0,0.0
2016-03-08,0.0,0.0,0.0,106926.91000000002,12162.0,0.0,0.0,0.0,0.0,0.0,250.0,20775.0,0.0,159.1,0.0,0.0,0.0,34296.0,132026.18,0.0,0.0,2312.09,0.0,0.0
2016-03-09,0.0,0.0,0.0,197608.48,22598.68,0.0,0.0,0.0,0.0,0.0,0.0,5260.0,0.0,0.0,0.0,200.0,0.0,12203.0,368002.65000000026,0.0,75.0,5708.98,0.0,0.0
2016-03-10,0.0,0.0,0.0,179240.59000000003,39621.0,0.0,0.0,0.0,235.0,0.0,199.5,26816.0,0.0,0.0,0.0,0.0,0.0,10207.17,96487.91000000002,0.0,10.0,1520.67,0.0,0.0
2016-03-11,0.0,0.0,0.0,128475.99999999999,24421.02,0.0,0.0,0.0,15.0,0.0,500.0,15455.0,0.0,0.0,0.0,0.0,0.0,5265.0,112666.43,0.0,0.0,1037.54,0.0,0.0
2016-03-12,0.0,0.0,0.0,85166.61999999998,39090.5,0.0,0.0,0.0,45.0,0.0,0.0,0.0,0.0,0.0,0.0,0.0,0.0,4393.0,145163.35,0.0,1600.0,6530.22,0.0,0.0
2016-03-13,0.0,0.0,0.0,96598.71,7559.0,0.0,0.0,0.0,85.0,0.0,0.0,0.0,0.0,0.0,0.0,0.0,0.0,4028.0,176707.88000000012,0.0,200.0,3386.75,0.0,0.0
2016-03-14,0.0,0.0,0.0,206186.87000000002,30855.0,0.0,0.0,0.0,5.0,0.0,0.0,16150.0,0.0,0.0,0.0,0.0,0.0,9464.0,297024.7500000002,0.0,100.0,533.35,0.0,0.0
2016-03-15,0.0,0.0,0.0,208664.85,30173.5,0.0,0.0,0.0,25.0,0.0,25.0,17205.0,0.0,0.0,0.0,0.0,0.0,9522.1,63751.65000000001,0.0,250.0,699.78,0.0,0.0
2016-03-16,0.0,0.0,0.0,244106.87000000008,23247.0,0.0,0.0,0.0,85.0,0.0,250.0,8625.0,0.0,0.0,0.0,0.0,0.0,0.0,208250.75000000012,0.0,555.0,3453.37,0.0,0.0
2016-03-17,0.0,0.0,0.0,166319.59,40229.94,0.0,0.0,2700.0,45.0,0.0,250.0,3000.0,0.0,0.0,0.0,0.0,0.0,140.0,128535.70000000001,0.0,0.0,2402.0299999999997,0.0,0.0
2016-03-18,0.0,0.0,0.0,273885.01,22653.5,0.0,0.0,0.0,15.0,0.0,0.0,47539.0,0.0,0.0,0.0,0.0,0.0,110.0,69785.51000000001,0.0,0.0,1136.1599999999999,0.0,0.0
2016-03-19,0.0,0.0,0.0,175027.60000000003,20238.69,0.0,0.0,0.0,45.0,0.0,0.0,3800.0,0.0,0.0,0.0,0.0,0.0,0.0,46330.870000000024,0.0,0.0,2937.0699999999997,0.0,0.0
2016-03-20,0.0,0.0,0.0,172274.8,9975.0,0.0,0.0,0.0,25.0,0.0,200.0,0.0,0.0,0.0,0.0,0.0,0.0,0.0,54979.11000000001,0.0,0.0,4524.49,0.0,0.0
2016-03-21,0.0,0.0,0.0,336100.1,21988.0,0.0,0.0,5400.0,45.0,0.0,0.0,40618.0,0.0,0.0,0.0,0.0,0.0,197.0,96419.89000000003,0.0,10.0,1905.35,0.0,0.0
2016-03-22,0.0,0.0,0.0,237604.37,16029.0,0.0,0.0,0.0,110.0,0.0,0.0,5402.0,0.0,0.0,0.0,0.0,0.0,75.0,71979.87,0.0,100.0,1078.01,0.0,0.0
2016-03-23,0.0,0.0,0.0,165886.56,29014.0,0.0,0.0,0.0,60.0,0.0,0.0,9250.0,0.0,0.0,0.0,0.0,0.0,300.0,151165.29,0.0,0.0,1047.7,2700.0,0.0
2016-03-24,0.0,0.0,0.0,153801.64,28563.8,0.0,0.0,5400.0,175.0,0.0,0.0,19455.0,0.0,0.0,0.0,0.0,0.0,50.0,73846.12999999999,0.0,435.0,3963.5299999999997,0.0,0.0
2016-03-25,0.0,0.0,0.0,47502.020000000004,28782.0,0.0,0.0,0.0,30.0,0.0,0.0,26550.0,0.0,0.0,0.0,0.0,0.0,25.0,111233.71000000002,0.0,0.0,1241.1100000000001,0.0,0.0
2016-03-26,0.0,0.0,0.0,28846.550000000007,9935.0,0.0,0.0,0.0,30.0,0.0,0.0,0.0,0.0,0.0,0.0,0.0,0.0,0.0,103799.69999999998,0.0,0.0,753.71,0.0,0.0
2016-03-27,0.0,0.0,0.0,20968.129999999997,4343.0,0.0,0.0,0.0,20.0,0.0,1000.0,0.0,0.0,0.0,0.0,0.0,0.0,50.0,161917.08000000002,0.0,0.0,2926.45,0.0,0.0
2016-03-28,0.0,0.0,0.0,92171.21,35442.0,0.0,0.0,0.0,70.0,0.0,1100.0,3605.0,0.0,0.0,0.0,0.0,0.0,0.0,144718.77,0.0,0.0,735.08,0.0,0.0
2016-03-29,0.0,0.0,0.0,107219.86000000002,10415.0,0.0,0.0,2700.0,100.0,0.0,400.0,3224.25,0.0,0.0,0.0,0.0,0.0,115.0,159704.61,0.0,0.0,2587.91,0.0,0.0
2016-03-30,0.0,0.0,0.0,99601.70999999999,22224.0,0.0,0.0,0.0,0.0,0.0,0.0,7548.0,0.0,0.0,0.0,0.0,0.0,30.0,186391.30000000005,0.0,0.0,6594.82,0.0,0.0
2016-03-31,0.0,0.0,0.0,200185.74000000005,44723.5,0.0,0.0,0.0,50.0,0.0,0.0,24466.0,0.0,0.0,0.0,0.0,0.0,0.0,340280.3600000002,0.0,100.0,5435.0,0.0,0.0
2016-04-01,0.0,0.0,0.0,107207.01,145351.5,0.0,0.0,0.0,0.0,0.0,0.0,0.0,0.0,0.0,0.0,0.0,0.0,0.0,88674.24999999999,25.0,0.0,515.09,0.0,0.0
2016-04-02,0.0,0.0,0.0,27972.409999999996,120949.0,0.0,0.0,0.0,0.0,0.0,0.0,3000.0,0.0,0.0,0.0,0.0,0.0,0.0,39964.23,0.0,0.0,1631.4,0.0,0.0
2016-04-03,0.0,0.0,0.0,23817.720000000005,4885.16,0.0,0.0,0.0,0.0,0.0,0.0,0.0,0.0,0.0,0.0,0.0,0.0,0.0,85913.31,0.0,500.0,582.75,0.0,0.0
2016-04-04,0.0,0.0,0.0,95383.48000000003,45104.16,0.0,0.0,0.0,0.0,0.0,0.0,19480.0,0.0,0.0,0.0,0.0,0.0,225.25,78182.92999999995,0.0,0.0,1712.86,0.0,0.0
2016-04-05,0.0,0.0,0.0,88598.37000000001,132992.55,0.0,0.0,0.0,0.0,0.0,0.0,12525.0,0.0,0.0,0.0,0.0,0.0,0.0,121982.50999999998,0.0,0.0,2096.73,0.0,0.0
2016-04-06,0.0,0.0,0.0,117049.83000000002,34551.2,0.0,0.0,0.0,0.0,0.0,0.0,11275.0,0.0,0.0,0.0,0.0,0.0,0.0,200471.4,0.0,0.0,2886.6,0.0,0.0
2016-04-07,0.0,0.0,0.0,112727.13000000002,17985.0,0.0,0.0,0.0,0.0,0.0,0.0,2349.0,0.0,0.0,0.0,0.0,0.0,0.0,109260.90999999999,0.0,0.0,455.02,0.0,0.0
2016-04-08,0.0,0.0,0.0,79126.14000000003,15866.0,0.0,0.0,2700.0,0.0,0.0,0.0,9150.0,0.0,0.0,0.0,0.0,0.0,0.0,236129.6500000001,0.0,0.0,2098.27,0.0,0.0
2016-04-09,0.0,0.0,0.0,52565.32,3531.0,0.0,0.0,0.0,0.0,0.0,0.0,100.0,0.0,0.0,0.0,0.0,0.0,0.0,149131.06000000003,0.0,0.0,447.86,0.0,0.0
2016-04-10,0.0,0.0,0.0,39551.08,3436.0,0.0,0.0,0.0,0.0,0.0,100.0,0.0,0.0,0.0,0.0,0.0,0.0,0.0,92347.58000000002,0.0,0.0,707.1600000000001,200.0,0.0
2016-04-11,0.0,0.0,0.0,71025.65,31015.0,0.0,0.0,0.0,0.0,0.0,100.0,11100.0,0.0,0.0,0.0,0.0,0.0,0.0,59735.55999999999,0.0,25.0,600.0,100.0,0.0
2016-04-12,0.0,0.0,0.0,57841.090000000004,15271.5,0.0,0.0,0.0,0.0,0.0,0.0,6595.0,0.0,0.0,0.0,0.0,0.0,0.0,72905.07999999999,0.0,350.0,2131.49,0.0,0.0
2016-04-13,0.0,0.0,0.0,79909.48999999999,38600.0,0.0,0.0,0.0,0.0,0.0,232.85,5905.0,0.0,35.0,0.0,0.0,0.0,0.0,88875.52000000003,0.0,100.0,1094.37,0.0,0.0
2016-04-14,0.0,0.0,0.0,95806.6,20825.5,0.0,0.0,0.0,0.0,0.0,0.0,5260.0,0.0,0.0,0.0,0.0,0.0,0.0,95012.50999999994,0.0,0.0,651.3499999999999,0.0,0.0
2016-04-15,0.0,0.0,0.0,114976.88,28336.6,0.0,0.0,0.0,0.0,0.0,0.0,18126.0,0.0,0.0,0.0,0.0,0.0,0.0,182426.52000000005,0.0,60.0,643.95,0.0,0.0
2016-04-16,0.0,0.0,0.0,94058.75,8290.0,0.0,0.0,0.0,0.0,0.0,0.0,3700.0,0.0,0.0,0.0,0.0,0.0,453.0,92859.26,0.0,20.0,526.75,0.0,0.0
2016-04-17,0.0,0.0,0.0,30057.02999999999,6463.0,0.0,0.0,0.0,0.0,0.0,0.0,0.0,0.0,0.0,0.0,0.0,0.0,25.0,150962.11000000004,0.0,0.0,865.03,0.0,0.0
2016-04-18,0.0,0.0,0.0,91114.43999999996,31274.0,0.0,0.0,0.0,0.0,0.0,0.0,11570.0,0.0,0.0,0.0,0.0,0.0,0.0,126824.52,0.0,35.0,1814.8300000000002,0.0,0.0
2016-04-19,0.0,0.0,0.0,112253.43999999997,20476.0,0.0,0.0,0.0,0.0,0.0,0.0,9270.0,0.0,0.0,0.0,0.0,0.0,0.0,89556.23,0.0,300.0,3101.17,0.0,0.0
2016-04-20,0.0,0.0,0.0,156596.89,47798.5,0.0,0.0,0.0,0.0,0.0,50.0,7010.0,0.0,250.0,0.0,0.0,0.0,0.0,139146.13999999987,0.0,450.0,4444.62,0.0,0.0
2016-04-21,0.0,0.0,0.0,115465.59,21805.47,0.0,0.0,0.0,0.0,0.0,0.0,29920.0,0.0,0.0,0.0,0.0,0.0,0.0,50842.48999999998,0.0,385.0,2314.58,0.0,0.0
2016-04-22,0.0,0.0,0.0,108726.80999999998,31303.7,0.0,0.0,0.0,0.0,0.0,0.0,5881.0,0.0,0.0,0.0,0.0,0.0,0.0,51861.53999999999,0.0,0.0,3352.57,0.0,0.0
2016-04-23,0.0,0.0,0.0,58808.57000000001,8649.5,0.0,0.0,0.0,0.0,0.0,0.0,1400.0,0.0,0.0,0.0,0.0,0.0,0.0,44976.42,0.0,50.0,981.76,0.0,0.0
2016-04-24,0.0,0.0,0.0,49695.48000000002,11044.0,0.0,0.0,0.0,0.0,0.0,0.0,0.0,0.0,0.0,0.0,0.0,0.0,0.0,27938.789999999997,0.0,0.0,2995.2799999999997,0.0,0.0
2016-04-25,0.0,0.0,0.0,100937.4,23727.0,0.0,0.0,0.0,0.0,0.0,47.85,18223.42,0.0,0.0,0.0,0.0,0.0,0.0,71129.54999999999,0.0,25.0,1483.1299999999999,0.0,0.0
2016-04-26,0.0,0.0,0.0,149055.87,33572.770000000004,0.0,0.0,0.0,0.0,0.0,0.0,4175.0,0.0,0.0,0.0,0.0,0.0,0.0,106661.65999999999,0.0,0.0,2014.16,0.0,0.0
2016-04-27,0.0,0.0,0.0,156336.55,33997.0,0.0,0.0,0.0,0.0,0.0,0.0,6362.0,0.0,0.0,0.0,0.0,0.0,0.0,92665.7,0.0,0.0,5307.15,0.0,0.0
2016-04-28,0.0,0.0,0.0,235278.77999999994,136029.0,0.0,0.0,0.0,0.0,0.0,100.0,15200.0,0.0,0.0,0.0,0.0,0.0,0.0,69935.40999999996,0.0,0.0,2910.68,0.0,0.0
2016-04-29,0.0,0.0,0.0,286419.12999999995,88120.0,0.0,0.0,0.0,0.0,0.0,0.0,6776.0,0.0,0.0,0.0,0.0,0.0,0.0,96193.78,0.0,50.0,3147.17,0.0,0.0
2016-04-30,0.0,0.0,0.0,176741.4799999999,36476.0,0.0,0.0,0.0,0.0,0.0,500.0,16371.0,0.0,0.0,0.0,0.0,0.0,0.0,228683.50000000012,0.0,50.0,514.54,0.0,0.0
2016-05-01,0.0,0.0,0.0,110099.29999999997,21631.08,0.0,0.0,0.0,0.0,0.0,0.0,0.0,0.0,0.0,0.0,0.0,0.0,0.0,0.0,25.0,600.0,3367.4799999999996,0.0,0.0
2016-05-02,0.0,0.0,0.0,248614.50999999992,91636.39000000001,0.0,0.0,0.0,0.0,0.0,0.0,0.0,0.0,0.0,0.0,0.0,0.0,0.0,70572.35,0.0,20.0,1441.27,0.0,0.0
2016-05-03,0.0,0.0,0.0,157320.38000000006,199284.31,0.0,0.0,0.0,0.0,0.0,500.0,11140.0,0.0,0.0,0.0,0.0,0.0,0.0,125862.98999999998,0.0,0.0,3606.5699999999997,0.0,0.0
2016-05-04,0.0,0.0,0.0,313652.20999999985,0.0,0.0,0.0,0.0,0.0,0.0,250.0,125.0,0.0,0.0,0.0,0.0,0.0,0.0,148355.62000000005,0.0,0.0,10291.460000000001,0.0,0.0
2016-05-05,0.0,0.0,0.0,203492.96999999988,0.0,0.0,0.0,0.0,0.0,0.0,950.3,30351.25,0.0,0.0,0.0,0.0,0.0,0.0,44898.21999999999,0.0,0.0,3199.67,0.0,0.0
2016-05-06,0.0,0.0,0.0,153795.55999999997,0.0,0.0,0.0,0.0,0.0,0.0,400.0,925.25,0.0,0.0,0.0,0.0,0.0,0.0,48190.78,0.0,0.0,5652.05,0.0,0.0
2016-05-07,0.0,0.0,0.0,54784.84,0.0,0.0,0.0,0.0,0.0,0.0,500.0,0.0,0.0,0.0,0.0,0.0,0.0,0.0,60094.31999999999,0.0,0.0,4368.45,0.0,0.0
2016-05-08,0.0,0.0,0.0,70242.85999999999,0.0,0.0,0.0,0.0,0.0,0.0,3692.05,0.0,0.0,0.0,0.0,0.0,0.0,0.0,55462.35999999999,0.0,600.0,3405.52,0.0,0.0
2016-05-09,0.0,0.0,0.0,168135.16999999993,0.0,0.0,0.0,0.0,0.0,0.0,1700.0,2176.7,0.0,0.0,0.0,0.0,0.0,0.0,42195.43,0.0,742.0,3688.13,0.0,0.0
2016-05-10,0.0,0.0,0.0,210320.58,0.0,0.0,0.0,0.0,0.0,0.0,0.0,0.0,0.0,0.0,0.0,0.0,0.0,0.0,104373.19999999995,0.0,0.0,4577.83,200.0,0.0
2016-05-11,0.0,0.0,0.0,239395.93,0.0,0.0,0.0,0.0,0.0,0.0,0.0,0.0,0.0,0.0,0.0,0.0,0.0,0.0,97496.68999999997,0.0,0.0,2110.03,0.0,0.0
2016-05-12,0.0,0.0,0.0,196737.35999999996,0.0,0.0,0.0,0.0,0.0,0.0,0.0,2301.0,0.0,0.0,0.0,0.0,0.0,0.0,64400.19000000002,0.0,0.0,7107.200000000001,0.0,0.0
2016-05-13,0.0,0.0,0.0,189612.2,0.0,0.0,0.0,0.0,0.0,0.0,0.0,0.0,0.0,0.0,0.0,0.0,0.0,0.0,44581.79999999999,0.0,100.0,1722.8100000000002,0.0,0.0
2016-05-14,0.0,0.0,0.0,118254.73999999998,0.0,0.0,0.0,0.0,0.0,0.0,0.0,0.0,0.0,0.0,0.0,0.0,0.0,0.0,53428.23,0.0,186.0,2026.66,0.0,0.0
2016-05-15,0.0,0.0,0.0,109039.34999999998,0.0,0.0,0.0,0.0,0.0,0.0,20.0,0.0,0.0,0.0,0.0,0.0,0.0,0.0,26189.76000000001,0.0,626.0,2459.41,0.0,0.0
2016-05-16,0.0,0.0,0.0,456355.68,0.0,0.0,0.0,0.0,0.0,0.0,0.0,2990.0,0.0,0.0,0.0,0.0,0.0,0.0,38230.450000000004,0.0,170.0,3625.12,0.0,0.0
2016-05-17,0.0,0.0,0.0,320423.6699999999,0.0,0.0,0.0,0.0,0.0,0.0,0.0,0.0,0.0,0.0,0.0,0.0,0.0,0.0,37540.23,0.0,0.0,10212.07,0.0,0.0
2016-05-18,0.0,0.0,0.0,291521.81999999995,0.0,0.0,0.0,0.0,0.0,0.0,1000.0,0.0,0.0,0.0,0.0,0.0,0.0,0.0,118767.86999999997,0.0,0.0,1755.1,0.0,0.0
2016-05-19,0.0,0.0,0.0,316672.6199999999,0.0,0.0,0.0,0.0,0.0,0.0,0.0,0.0,0.0,0.0,0.0,0.0,0.0,0.0,50258.72000000001,0.0,0.0,2675.0,0.0,0.0
2016-05-20,0.0,0.0,0.0,303523.95999999996,0.0,0.0,0.0,0.0,0.0,0.0,0.0,0.0,0.0,0.0,0.0,0.0,0.0,0.0,59668.46,0.0,0.0,3078.5699999999997,235.0,0.0
2016-05-21,0.0,0.0,0.0,92266.99,0.0,0.0,0.0,0.0,0.0,0.0,450.0,0.0,0.0,0.0,0.0,0.0,0.0,0.0,86050.85000000002,0.0,510.0,4415.81,0.0,0.0
2016-05-22,0.0,0.0,0.0,163339.31999999998,0.0,0.0,0.0,0.0,0.0,0.0,0.0,0.0,0.0,0.0,0.0,0.0,0.0,0.0,80249.52000000002,0.0,175.0,1736.4299999999998,0.0,0.0
2016-05-23,0.0,0.0,0.0,231160.19999999998,0.0,0.0,0.0,0.0,0.0,0.0,0.0,0.0,0.0,0.0,0.0,0.0,0.0,0.0,41819.770000000004,0.0,0.0,4929.969999999999,625.0,0.0
2016-05-24,0.0,0.0,0.0,130009.81999999995,0.0,0.0,0.0,0.0,0.0,0.0,0.0,0.0,0.0,0.0,0.0,0.0,0.0,0.0,65884.62999999982,0.0,135.0,11236.01,410.0,0.0
2016-05-25,0.0,0.0,0.0,140690.32,0.0,0.0,0.0,0.0,0.0,0.0,500.0,0.0,0.0,0.0,0.0,50.0,0.0,0.0,42049.15999999992,0.0,395.0,164668.25,250.0,0.0
2016-05-26,0.0,0.0,0.0,108482.06000000003,0.0,0.0,0.0,0.0,0.0,0.0,2575.0,0.0,0.0,0.0,0.0,0.0,0.0,0.0,87926.95999999999,0.0,202.0,5002.36,500.0,0.0
2016-05-27,0.0,0.0,0.0,219183.56000000003,0.0,0.0,0.0,0.0,0.0,0.0,900.0,0.0,0.0,0.0,0.0,0.0,0.0,0.0,69531.54,0.0,250.0,16812.92,50.0,0.0
2016-05-28,0.0,0.0,0.0,84472.76000000001,0.0,0.0,0.0,0.0,0.0,0.0,100.0,0.0,0.0,0.0,0.0,0.0,0.0,0.0,64408.62000000001,0.0,500.0,41776.91,0.0,0.0
2016-05-29,0.0,0.0,0.0,74425.6,0.0,0.0,0.0,0.0,0.0,0.0,3905.25,0.0,0.0,0.0,0.0,0.0,0.0,0.0,33212.86,0.0,85.0,3787.12,0.0,0.0
2016-05-30,0.0,0.0,0.0,99843.62,0.0,0.0,0.0,0.0,0.0,0.0,6166.65,0.0,0.0,0.0,0.0,0.0,0.0,0.0,30520.559999999994,0.0,500.0,1919.28,0.0,0.0
2016-05-31,0.0,0.0,0.0,339566.9199999999,0.0,0.0,0.0,0.0,0.0,0.0,3233.15,0.0,0.0,0.0,0.0,0.0,0.0,0.0,341026.5700000002,0.0,425.0,170772.11,300.0,0.0
